V1,pitcher,fs_count,fs_balls,fs_strikes,fs_swing,fs_fouls,fs_whiffs,fs_bips,fs_gbs,fs_lds,fs_fbs,fs_pus,fs_hrs,fs_perc_thrown,fs_velocity,fs_h_mvmt,fs_v_mvmt,fs_h_rel,fs_v_rel,cu_count,cu_balls,cu_strikes,cu_swing,cu_fouls,cu_whiffs,cu_bips,cu_gbs,cu_lds,cu_fbs,cu_pus,cu_hrs,cu_perc_thrown,cu_velocity,cu_h_mvmt,cu_v_mvmt,cu_h_rel,cu_v_rel,c_count,c_balls,c_strikes,c_swing,c_fouls,c_whiffs,c_bips,c_gbs,c_lds,c_fbs,c_pus,c_hrs,c_perc_thrown,c_velocity,c_h_mvmt,c_v_mvmt,c_h_rel,c_v_rel,cut_count,cut_balls,cut_strikes,cut_swing,cut_fouls,cut_whiffs,cut_bips,cut_gbs,cut_lds,cut_fbs,cut_pus,cut_hrs,cut_perc_thrown,cut_velocity,cut_h_mvmt,cut_v_mvmt,cut_h_rel,cut_v_rel,sink_count,sink_balls,sink_strikes,sink_swing,sink_fouls,sink_whiffs,sink_bips,sink_gbs,sink_lds,sink_fbs,sink_pus,sink_hrs,sink_perc_thrown,sink_velocity,sink_h_mvmt,sink_v_mvmt,sink_h_rel,sink_v_rel,slld_count,slld_balls,slld_strikes,slld_swing,slld_fouls,slld_whiffs,slld_bips,slld_gbs,slld_lds,slld_fbs,slld_pus,slld_hrs,slld_perc_thrown,slld_velocity,slld_h_mvmt,slld_v_mvmt,slld_h_rel,slld_v_rel,sc_count,sc_balls,sc_strikes,sc_swing,sc_fouls,sc_whiffs,sc_bips,sc_gbs,sc_lds,sc_fbs,sc_pus,sc_hrs,sc_perc_thrown,sc_velocity,sc_h_mvmt,sc_v_mvmt,sc_h_rel,sc_v_rel,split_count,split_balls,split_strikes,split_swing,split_fouls,split_whiffs,split_bips,split_gbs,split_lds,split_fbs,split_pus,split_hrs,split_perc_thrown,split_velocity,split_h_mvmt,split_v_mvmt,split_h_rel,split_v_rel,coors_games,coors_Hper9,coors_Rper9,coors_ERA,coors_BBper9,coors_Kper9,coors_HRper9,coors_UERper9,coors_Pper9,coors_Sper9,coors_GSper9,coors_vper9,coors_BFper9,coors_ABper9,coors_DBLper9,coors_TPLper9,coors_IBBper9,coors_HBPper9,coors_SHper9,coors_SFper9,coors_GDPper9,coors_SBper9,coors_CSper9,coors_POper9,coors_BKper9,coors_WPper9,career_C_Hper9,career_C_ERA,career_C_BBper9,career_C_Kper9,career_C_HRper9,Total_Whiffs,Total_fbs,Total_gbs,Total_hrs,Total_bips,Variance_ERA,Variance_Hper9,Variance_BBper9,Variance_Kper9,Variance_HRper9
1,anderbr04,4400,0.39,0.23,0.42,0.17,0.05,0.2,0.09,0.04,0.05,0.01,0.01,0.29,92.64,6.62,8.23,1.1,6.48,1493,0.36,0.27,0.45,0.13,0.09,0.24,0.12,0.06,0.04,0.02,0.01,0.1,83.98,8.48,5.14,1.42,6.58,1324,0.41,0.36,0.28,0.08,0.05,0.15,0.1,0.03,0.02,0,0.01,0.09,76.77,-2.97,-8.13,1.08,6.7,182,0.41,0.2,0.44,0.2,0.05,0.19,0.07,0.03,0.08,0.02,0.01,0.01,88.98,1.22,5.61,1.21,6.38,3384,0.37,0.24,0.43,0.15,0.06,0.23,0.15,0.05,0.03,0,0.01,0.22,91.05,8.84,5.39,1.3,6.51,4338,0.31,0.31,0.52,0.19,0.14,0.19,0.12,0.04,0.03,0.01,0,0.29,83.02,-1.68,-5.17,1.15,6.31,0,0,0,0,0,0,0,0,0,0,0,0,0,0,0,0,0,0,0,0,0,0,0,0,0,0,0,0,0,0,0,0,0,0,0,0,7,12.05,5.64,4.62,3.33,2.82,1.03,1.03,137.18,86.41,75.9,NA,40.51,36.41,3.08,0.77,1.03,0.26,0.51,0,2.05,0.26,0,0,0,0,9.73,4.1,2.39,6.51,0.86,0.082007142,0.036533298,0.115631241,0.007131142,0.203296078,0.52,2.32,0.94,-3.69,0.17
2,anderch01,5087,0.34,0.26,0.48,0.23,0.1,0.16,0.05,0.05,0.05,0.02,0.01,0.38,92.78,-4.09,10,-1.34,6.14,2817,0.34,0.3,0.52,0.16,0.18,0.19,0.07,0.05,0.05,0.02,0.01,0.21,82.67,-9.7,6.99,-1.49,6.04,2115,0.45,0.3,0.34,0.1,0.1,0.14,0.08,0.03,0.02,0.01,0.01,0.16,77.72,4.02,-6.85,-1.38,6.12,934,0.42,0.21,0.44,0.2,0.08,0.16,0.06,0.04,0.04,0.02,0.01,0.07,89.77,1.25,6.75,-1.57,6.08,2424,0.33,0.24,0.47,0.2,0.05,0.22,0.1,0.06,0.05,0.01,0.01,0.18,92.25,-7.51,7.9,-1.39,6.1,17,0.47,0.06,0.47,0.24,0,0.24,0.18,0.06,0,0,0,0,88.04,2.97,3.42,-0.85,6.1,0,0,0,0,0,0,0,0,0,0,0,0,0,0,0,0,0,0,0,0,0,0,0,0,0,0,0,0,0,0,0,0,0,0,0,0,5,11.07,6.79,6.79,3.57,7.14,1.79,0,146.79,99.64,74.64,NA,41.43,35.71,2.5,0.36,0.36,0.71,0.36,1.07,0.36,0.36,0.36,0,0,0,8.47,3.9,2.9,7.5,1.33,0.10625504,0.044502016,0.068854711,0.009987308,0.174111542,2.89,2.6,0.67,-0.36,0.46
3,anderty01,2797,0.31,0.29,0.48,0.22,0.08,0.18,0.07,0.05,0.05,0.01,0.01,0.41,92.29,5.24,10.11,1.74,6.33,1792,0.36,0.3,0.53,0.16,0.19,0.18,0.09,0.04,0.04,0.01,0.01,0.26,82.22,6.8,6.71,1.78,6.4,171,0.43,0.36,0.29,0.11,0.08,0.11,0.04,0.02,0.02,0.02,0,0.03,74.89,-1.68,-4.9,1.81,6.38,1791,0.34,0.27,0.5,0.2,0.13,0.18,0.08,0.04,0.04,0.01,0.01,0.26,87.88,-0.37,6.03,2.22,6.04,282,0.39,0.22,0.44,0.17,0.06,0.21,0.08,0.07,0.04,0.02,0.02,0.04,91.39,8.16,7.52,2.2,6.13,0,0,0,0,0,0,0,0,0,0,0,0,0,0,0,0,0,0,0,0,0,0,0,0,0,0,0,0,0,0,0,0,0,0,0,0,0,0,0,0,0,0,0,0,0,0,0,0,0,0,0,0,0,0,39,9.57,4.58,4.34,2.82,8.51,1.35,0.25,147.27,97.81,81.7,NA,38.86,35.14,1.88,0.2,0.12,0.16,0.41,0.29,0.94,0.53,0.16,0.37,0.33,0.33,8.9,4.31,2.7,8.23,1.39,0.121128348,0.043592858,0.077528172,0.010162447,0.179486316,0.03,0.67,0.12,0.28,-0.04
4,arroybr01,4702,0.4,0.22,0.43,0.18,0.05,0.19,0.06,0.04,0.06,0.02,0.01,0.2,88.37,-4.11,8.87,-2.05,6.55,4355,0.32,0.28,0.46,0.15,0.07,0.24,0.11,0.05,0.06,0.02,0.01,0.19,79.82,-5.76,4.25,-2.52,6.32,7860,0.31,0.36,0.43,0.15,0.11,0.18,0.06,0.04,0.06,0.02,0.01,0.34,73.83,8.26,0.98,-2.73,5.9,601,0.37,0.16,0.52,0.22,0.06,0.25,0.11,0.05,0.06,0.02,0.01,0.03,85.6,-0.88,5.18,-2.53,6.2,5676,0.36,0.22,0.45,0.17,0.05,0.24,0.14,0.05,0.04,0.01,0.01,0.24,88.05,-7.58,5.18,-2.22,6.42,0,0,0,0,0,0,0,0,0,0,0,0,0,0,0,0,0,0,0,0,0,0,0,0,0,0,0,0,0,0,0,0,0,0,0,0,0,0,0,0,0,0,0,0,0,0,0,0,0,0,0,0,0,0,6,13.42,8.18,8.18,2.62,5.56,2.95,0,157.42,103.75,74.29,NA,43.53,40.58,3.27,0.33,0.33,0,0,0.33,0.65,1.31,0.33,0,0,0,9.28,4.29,2.45,5.82,1.28,0.074347245,0.055105631,0.090261274,0.01,0.209790032,3.89,4.14,0.17,-0.26,1.67
5,bergmch01,1435,0.32,0.29,0.45,0.21,0.07,0.17,0.05,0.05,0.05,0.02,0.01,0.38,89.89,-7.02,7.59,-2.38,5.71,638,0.33,0.2,0.58,0.19,0.12,0.28,0.13,0.07,0.06,0.02,0.02,0.17,81.7,-7.83,3.9,-2.2,5.94,337,0.39,0.25,0.45,0.14,0.08,0.22,0.1,0.07,0.05,0,0.02,0.09,77.66,3.18,-3.79,-2.32,5.72,905,0.3,0.24,0.52,0.22,0.08,0.23,0.08,0.07,0.07,0.01,0.01,0.24,85.93,0.39,5.32,-2.31,5.86,452,0.38,0.25,0.41,0.15,0.04,0.23,0.1,0.07,0.05,0.01,0,0.12,88.85,-8.25,4.46,-2.47,5.56,0,0,0,0,0,0,0,0,0,0,0,0,0,0,0,0,0,0,0,0,0,0,0,0,0,0,0,0,0,0,0,0,0,0,0,0,0,0,0,0,0,0,0,0,0,0,0,0,0,0,0,0,0,0,8,14.92,8.16,8.16,1.87,4.43,1.87,0,150.16,100.96,65.05,NA,44.53,41.5,3.96,0.93,0.23,0.23,0.7,0.23,0.47,0.7,0,0.23,0,0,11.31,5.64,2.06,5.47,1.68,0.078165649,0.05649854,0.081229095,0.011388373,0.214717282,2.52,3.61,-0.19,-1.04,0.19
6,bettich01,4703,0.36,0.26,0.41,0.16,0.05,0.2,0.1,0.05,0.04,0.01,0.01,0.47,92.56,-2.11,7.4,-2.19,6.04,1870,0.36,0.25,0.55,0.18,0.16,0.21,0.14,0.04,0.02,0,0.01,0.19,86.61,-5.48,2.16,-2.12,5.95,1189,0.41,0.32,0.41,0.11,0.15,0.16,0.05,0.05,0.05,0.01,0.01,0.12,75.72,5.98,-2.68,-2.1,6.1,0,0,0,0,0,0,0,0,0,0,0,0,0,0,0,0,0,0,671,0.44,0.2,0.42,0.18,0.06,0.18,0.1,0.05,0.02,0,0,0.07,92.13,-6.77,5,-2.49,6.02,1568,0.37,0.27,0.48,0.15,0.13,0.2,0.11,0.05,0.03,0.01,0.01,0.16,87.15,2.1,2.77,-2.24,5.95,0,0,0,0,0,0,0,0,0,0,0,0,0,0,0,0,0,0,0,0,0,0,0,0,0,0,0,0,0,0,0,0,0,0,0,0,44,11.06,5.85,5.63,2.79,6.81,1.22,0.23,149.2,94.48,75.96,NA,41.14,36.81,2.72,0.19,0.27,0.42,0.88,0.23,0.8,0.27,0.19,0,0.34,0.34,9.99,5.03,3.18,6.54,1.16,0.095670433,0.034539546,0.10310269,0.009329067,0.195772423,0.6,1.07,-0.39,0.27,0.06
7,billich01,7707,0.36,0.29,0.41,0.18,0.08,0.16,0.07,0.03,0.05,0.01,0,0.42,92.58,-1.84,8.6,-2.25,5.86,632,0.45,0.21,0.39,0.14,0.05,0.2,0.09,0.05,0.05,0,0.01,0.03,85.66,-7.64,4.13,-2.54,5.69,2961,0.41,0.32,0.44,0.13,0.17,0.14,0.07,0.03,0.03,0.01,0,0.16,78.78,6.52,-7.2,-2.24,5.8,3364,0.33,0.26,0.54,0.2,0.14,0.2,0.09,0.03,0.06,0.02,0,0.18,88.65,1.64,3.69,-2.54,5.6,2799,0.38,0.25,0.39,0.15,0.04,0.21,0.1,0.04,0.05,0.01,0,0.15,91.36,-7.07,6.38,-2.46,5.7,479,0.34,0.3,0.55,0.15,0.2,0.21,0.08,0.05,0.06,0.02,0.01,0.03,84.94,3.37,-0.41,-2.57,5.69,289,0.5,0.22,0.35,0.1,0.08,0.17,0.07,0.05,0.04,0.01,0,0.02,68.54,5.56,-9.72,-2.25,5.91,0,0,0,0,0,0,0,0,0,0,0,0,0,0,0,0,0,0,5,11.25,7.16,6.82,5.8,5.45,2.05,0.34,161.59,95.8,67.16,NA,44.32,36.82,2.05,0.34,1.02,0.34,1.02,0.34,0.68,0.68,0.34,0,0.68,0.68,8.64,3.73,3.71,7.82,0.68,0.101660359,0.048701113,0.079252372,0.000609402,0.174667873,3.09,2.61,2.09,-2.37,1.37
8,buehlwa01,2108,0.31,0.33,0.48,0.22,0.13,0.14,0.05,0.03,0.04,0.01,0.01,0.49,97.04,-2.36,10.15,-1,6.01,94,0.43,0.13,0.5,0.16,0.05,0.29,0.15,0.07,0.05,0.01,0.01,0.02,90.76,-6.9,5.52,-1.29,5.9,598,0.42,0.31,0.41,0.14,0.14,0.13,0.08,0.03,0.01,0,0,0.14,81.2,5.24,-9.12,-1.02,5.98,545,0.28,0.28,0.55,0.23,0.12,0.21,0.1,0.06,0.05,0.01,0,0.13,92.56,3.53,4.63,-1.24,5.87,513,0.31,0.27,0.49,0.24,0.08,0.18,0.1,0.04,0.04,0.01,0,0.12,96.7,-7.08,8,-1.3,5.86,473,0.31,0.29,0.58,0.18,0.17,0.23,0.12,0.04,0.05,0.02,0.01,0.11,86.84,5.88,-0.53,-1.28,5.8,0,0,0,0,0,0,0,0,0,0,0,0,0,0,0,0,0,0,0,0,0,0,0,0,0,0,0,0,0,0,0,0,0,0,0,0,5,10.85,5.11,5.11,2.87,7.34,0.96,0,146.17,96.38,74.68,NA,39.26,35.74,2.55,0.64,0,0.32,0,0.32,1.28,0,0,0,0.32,0.32,6.53,2.96,2.77,10.05,0.86,0.12683214,0.038425306,0.076171785,0.006176403,0.16525052,2.15,4.32,0.1,-2.71,0.1
9,bumgama01,13425,0.33,0.3,0.46,0.2,0.1,0.17,0.06,0.04,0.05,0.02,0.01,0.46,92.26,5.67,8.84,3.18,5.84,1834,0.41,0.22,0.43,0.14,0.07,0.22,0.12,0.05,0.05,0.01,0.01,0.06,84.51,8.34,4.5,3.2,5.78,4050,0.4,0.32,0.44,0.13,0.16,0.15,0.08,0.04,0.03,0.01,0,0.14,77.29,-5.42,-4.02,3.12,5.78,9845,0.29,0.29,0.54,0.22,0.13,0.2,0.1,0.05,0.04,0.01,0.01,0.34,87.78,-0.17,4.17,3.2,5.79,2,0,0,1,0.5,0,0.5,0,0.5,0,0,0,0,88.71,6.37,3.84,3.05,5.72,43,0.3,0.23,0.58,0.26,0.12,0.21,0.12,0.02,0.05,0.02,0,0,78.24,-2.7,1.19,3.85,5.65,67,0.42,0.25,0.49,0.16,0.16,0.16,0.09,0.01,0.06,0,0.03,0,70.25,-6.11,-4.54,3.19,5.84,0,0,0,0,0,0,0,0,0,0,0,0,0,0,0,0,0,0,16,11.05,5.05,4.38,2.19,7.33,1.24,0.67,152.86,100.95,73.43,NA,40.38,37.33,1.33,0.48,0.1,0.38,0.29,0.19,1.24,0.76,0.1,0,0,0,7.88,3.04,2.12,8.76,0.89,0.116674981,0.043887788,0.080136336,0.008646552,0.180515957,1.34,3.17,0.07,-1.43,0.35
10,butleed01,1685,0.35,0.24,0.46,0.21,0.06,0.19,0.08,0.05,0.05,0.01,0.01,0.37,94.03,-5.29,9.11,-1.83,6.25,529,0.44,0.16,0.47,0.15,0.08,0.24,0.13,0.07,0.03,0.01,0.02,0.11,87.97,-7.93,4.37,-2.04,6.13,410,0.45,0.26,0.38,0.13,0.1,0.16,0.08,0.05,0.02,0.01,0.01,0.09,82.04,2.33,-2.81,-1.9,6.29,0,0,0,0,0,0,0,0,0,0,0,0,0,0,0,0,0,0,1260,0.35,0.21,0.47,0.2,0.05,0.23,0.13,0.06,0.03,0.01,0.01,0.27,93.7,-8.01,6.6,-1.99,6.18,724,0.39,0.28,0.46,0.12,0.14,0.19,0.1,0.05,0.04,0.01,0.01,0.16,88.52,1.17,1.58,-2.29,6.07,0,0,0,0,0,0,0,0,0,0,0,0,0,0,0,0,0,0,0,0,0,0,0,0,0,0,0,0,0,0,0,0,0,0,0,0,13,14.28,8.65,8.22,3.75,5.05,2.02,0.43,157.21,95.48,63.61,NA,44.13,38.94,3.17,0.58,0.58,0.29,0.87,0.29,1.3,0.87,0.29,0,0,0,11.03,5.84,4.02,5.26,1.48,0.075690104,0.037994792,0.102554253,0.011148003,0.204008247,2.38,3.25,-0.27,-0.21,0.54
11,cahiltr01,1955,0.47,0.22,0.35,0.16,0.05,0.14,0.05,0.03,0.05,0.02,0.01,0.08,91.86,-6.4,8.28,-1.84,6.42,4685,0.35,0.29,0.52,0.16,0.18,0.19,0.1,0.04,0.04,0.01,0.01,0.2,82.41,-6.95,0.74,-2,6.26,2835,0.46,0.32,0.35,0.1,0.14,0.12,0.07,0.02,0.02,0.01,0.01,0.12,79.71,5.7,-6.72,-1.9,6.29,937,0.37,0.28,0.49,0.15,0.14,0.19,0.11,0.04,0.04,0.01,0.01,0.04,87.57,0.19,3.48,-2.23,6.27,11846,0.39,0.26,0.38,0.14,0.05,0.2,0.12,0.04,0.04,0,0.01,0.5,90.72,-9.68,3.25,-2.2,6.18,1296,0.41,0.3,0.43,0.12,0.14,0.17,0.08,0.04,0.04,0.01,0.01,0.06,85.7,0.5,2.16,-1.97,6.24,0,0,0,0,0,0,0,0,0,0,0,0,0,0,0,0,0,0,0,0,0,0,0,0,0,0,0,0,0,0,0,0,0,0,0,0,7,10.46,5.01,4.36,2.18,7.63,1.31,0.65,143.83,89.56,75.18,NA,40.1,36.61,1.96,1.09,0,0.44,0.44,0.44,0.65,1.09,0.22,0,0.22,0.22,8.59,4.09,3.68,6.77,0.93,0.095222468,0.038422773,0.101595058,0.01,0.181353486,0.27,1.87,-1.5,0.86,0.38
12,cainma01,14300,0.33,0.27,0.47,0.22,0.09,0.17,0.05,0.04,0.07,0.02,0.01,0.5,92.45,-4.72,9.39,-2.14,6.08,3935,0.39,0.24,0.51,0.15,0.14,0.21,0.13,0.04,0.04,0.01,0.01,0.14,86.17,-6.88,2.58,-2.22,6.07,3655,0.4,0.31,0.37,0.12,0.08,0.17,0.07,0.04,0.05,0.01,0.01,0.13,77.5,6.34,-5.07,-2.15,6.15,108,0.39,0.21,0.45,0.22,0.07,0.16,0.05,0.06,0.06,0,0.03,0,88.57,-0.85,6.46,-2.44,5.96,1879,0.34,0.27,0.42,0.17,0.04,0.21,0.1,0.05,0.05,0.01,0.01,0.07,90.77,-8.67,5.64,-2.36,5.99,4822,0.35,0.27,0.49,0.17,0.12,0.2,0.09,0.04,0.05,0.02,0.01,0.17,86.41,2.17,2.46,-2.19,6.07,0,0,0,0,0,0,0,0,0,0,0,0,0,0,0,0,0,0,0,0,0,0,0,0,0,0,0,0,0,0,0,0,0,0,0,0,13,8.03,4.9,4.52,3.64,7.91,1.13,0.38,152.01,95.9,84.35,NA,39.16,34.52,1.63,0.13,0.13,0.5,0.25,0.25,0.5,1.13,0.5,0,0.13,0.13,8,3.69,3.08,7.33,0.91,0.097273773,0.058632008,0.073510575,0.010075264,0.18310638,0.83,0.03,0.56,0.58,0.22
13,cashnan01,6704,0.35,0.28,0.43,0.2,0.08,0.15,0.06,0.04,0.04,0.01,0.01,0.35,95.57,-5.61,9.45,-1.53,6.24,2716,0.36,0.25,0.52,0.16,0.14,0.22,0.11,0.05,0.05,0.01,0.01,0.14,85.58,-7.48,4.75,-1.34,6.41,1229,0.46,0.23,0.37,0.13,0.06,0.18,0.1,0.04,0.04,0.01,0.01,0.06,81.46,4.25,-4.28,-1.15,6.5,518,0.44,0.2,0.45,0.15,0.1,0.21,0.12,0.04,0.04,0,0.01,0.03,88.4,0.18,3.86,-1.2,6.37,5695,0.34,0.27,0.43,0.18,0.04,0.21,0.11,0.05,0.04,0.01,0.01,0.29,94.17,-8.38,7.2,-1.37,6.22,2500,0.41,0.28,0.49,0.13,0.17,0.18,0.09,0.04,0.04,0.01,0,0.13,85.99,1.51,1.29,-1.58,6.26,0,0,0,0,0,0,0,0,0,0,0,0,0,0,0,0,0,0,0,0,0,0,0,0,0,0,0,0,0,0,0,0,0,0,0,0,6,11.13,6.8,6.8,1.55,7.42,0.62,0,145.05,96.49,81.96,NA,38.66,36.8,4.02,0.93,0.31,0,0.31,0,0.62,0.31,0.62,0,0,0,8.95,4.03,3.32,6.85,0.96,0.087537444,0.041402748,0.089738147,0.008708811,0.184850222,2.77,2.18,-1.77,0.57,-0.34
14,chacijh01,5958,0.4,0.28,0.36,0.15,0.04,0.17,0.08,0.05,0.04,0.01,0.01,0.28,91.44,-2.55,7.98,-1.47,6.21,1682,0.4,0.24,0.47,0.15,0.12,0.21,0.1,0.04,0.06,0.01,0.01,0.08,83.99,-4.31,5.26,-1.69,6.02,1194,0.38,0.32,0.4,0.14,0.11,0.16,0.07,0.03,0.04,0.01,0,0.06,78.22,6.93,-3.41,-1.25,6.19,271,0.32,0.25,0.51,0.19,0.08,0.23,0.13,0.06,0.04,0.01,0.02,0.01,87.81,0.39,4.57,-0.98,6.25,6011,0.41,0.2,0.42,0.16,0.04,0.22,0.13,0.05,0.04,0.01,0.01,0.28,90.71,-7.55,5.04,-1.56,6.12,6253,0.31,0.37,0.48,0.16,0.17,0.16,0.06,0.03,0.04,0.02,0.01,0.29,81.06,7.21,1.39,-1.41,6.12,0,0,0,0,0,0,0,0,0,0,0,0,0,0,0,0,0,0,224,0.48,0.21,0.39,0.13,0.09,0.17,0.09,0.04,0.04,0.01,0.01,0.01,85.28,-4.43,2.6,-1.59,6.07,63,8.61,4.73,4.24,3.95,6.48,0.86,0.49,146.91,91.35,77.71,NA,39.27,34.54,1.99,0.17,0.1,0.27,0.25,0.25,1.13,0.32,0.17,0.02,0.32,0.32,8.21,3.88,3.62,7.15,0.85,0.088769046,0.041557912,0.089863382,0.009572547,0.184338906,0.36,0.4,0.33,-0.67,0.01
15,chatwty01,4567,0.39,0.25,0.43,0.18,0.07,0.17,0.09,0.04,0.04,0.01,0.01,0.32,94.3,-2.28,8.97,-1.86,5.77,707,0.45,0.21,0.45,0.15,0.11,0.19,0.11,0.04,0.04,0.01,0.01,0.05,85.18,-5.34,6.22,-1.95,5.64,1465,0.46,0.28,0.36,0.11,0.1,0.15,0.09,0.03,0.02,0.01,0,0.1,79.07,4.07,-7.05,-1.85,5.73,1265,0.42,0.26,0.46,0.14,0.15,0.18,0.09,0.04,0.03,0.01,0.01,0.09,89.53,1.15,3.27,-2.15,5.66,5348,0.4,0.23,0.41,0.16,0.05,0.2,0.12,0.04,0.03,0.01,0.01,0.38,93.84,-6.77,7.62,-1.77,5.77,884,0.42,0.26,0.47,0.14,0.16,0.18,0.1,0.04,0.04,0,0.01,0.06,86.71,1.84,1.32,-1.83,5.76,0,0,0,0,0,0,0,0,0,0,0,0,0,0,0,0,0,0,0,0,0,0,0,0,0,0,0,0,0,0,0,0,0,0,0,0,44,10.27,5.65,5.23,4.05,6.38,1.15,0.42,152.09,90.84,76.29,NA,40.09,35.4,2.02,0.31,0.19,0.23,0.19,0.23,1.57,0.53,0.31,0,0.57,0.57,9.06,4.46,4.75,6.28,0.91,0.080257797,0.033296572,0.102884237,0.008970919,0.181714667,0.77,1.21,-0.7,0.1,0.24
16,collmjo01,0,0,0,0,0,0,0,0,0,0,0,0,0,0,0,0,0,0,2953,0.31,0.31,0.55,0.16,0.17,0.22,0.1,0.05,0.05,0.02,0.01,0.26,78.13,-3.42,9.04,-0.34,7.25,663,0.48,0.3,0.25,0.08,0.04,0.13,0.06,0.03,0.04,0.01,0.01,0.06,71.61,-0.06,-6.8,-0.56,7.16,7890,0.35,0.25,0.45,0.2,0.07,0.19,0.06,0.05,0.06,0.02,0.01,0.68,87.25,1.31,11.52,-0.3,7.22,0,0,0,0,0,0,0,0,0,0,0,0,0,0,0,0,0,0,6,0,0.33,0.83,0.17,0.17,0.5,0.17,0,0.33,0,0.17,0,76.07,3,10.84,-0.22,7.17,0,0,0,0,0,0,0,0,0,0,0,0,0,0,0,0,0,0,0,0,0,0,0,0,0,0,0,0,0,0,0,0,0,0,0,0,5,11.68,6.87,5.84,2.4,4.81,2.4,1.03,145.65,92.4,71.11,NA,41.56,38.13,1.37,1.03,0,0,0.69,0.34,0,0.34,0,0,0,0,8.62,3.64,2.18,6.41,1.14,0.093975851,0.056423732,0.070317929,0.010083391,0.194401494,2.2,3.06,0.22,-1.6,1.26
17,corbipa01,4754,0.36,0.24,0.45,0.2,0.06,0.19,0.08,0.05,0.04,0.01,0.01,0.28,92.47,5.92,8.74,2.22,6.29,1306,0.41,0.24,0.46,0.13,0.11,0.22,0.09,0.06,0.06,0.01,0.01,0.08,83.37,8.47,6.08,2.41,6.14,357,0.4,0.39,0.33,0.12,0.13,0.09,0.03,0.02,0.03,0.01,0,0.02,71.85,-1.3,-0.89,2.47,6.5,2,0,0,1,0.5,0,0.5,0,0.5,0,0,0,0,88.03,1.12,5.53,2.48,6.11,5335,0.34,0.25,0.45,0.17,0.05,0.23,0.13,0.06,0.04,0.01,0.01,0.31,92.38,9.3,6.64,2.28,6.25,5210,0.36,0.38,0.52,0.14,0.26,0.12,0.06,0.03,0.03,0.01,0.01,0.31,81.48,-1.69,-0.65,2.33,6.2,0,0,0,0,0,0,0,0,0,0,0,0,0,0,0,0,0,0,0,0,0,0,0,0,0,0,0,0,0,0,0,0,0,0,0,0,11,11.88,6.56,6.25,2.97,7.66,1.56,0.31,149.38,96.25,73.28,NA,41.25,37.97,2.34,0.78,0,0,0.16,0.16,0.94,0,0.16,0.16,0.47,0.47,9,3.92,2.58,8.55,1.02,0.123594671,0.03825336,0.089290262,0.009788375,0.181322801,2.33,2.88,0.39,-0.89,0.54
18,cuetojo01,9974,0.35,0.27,0.46,0.22,0.09,0.15,0.04,0.04,0.05,0.02,0.01,0.33,93.46,-5.32,9.35,-2.21,5.82,4258,0.36,0.28,0.54,0.16,0.19,0.19,0.1,0.04,0.04,0.01,0.01,0.14,83.88,-6.26,2.14,-2.39,5.68,879,0.33,0.31,0.42,0.16,0.08,0.19,0.1,0.04,0.05,0.01,0.01,0.03,81.48,2.11,-2.73,-2.48,5.83,3303,0.36,0.24,0.45,0.18,0.07,0.21,0.1,0.05,0.05,0.01,0.01,0.11,89.09,-0.55,4.99,-2.37,5.76,5879,0.34,0.24,0.46,0.2,0.06,0.21,0.11,0.05,0.04,0.01,0,0.2,93.08,-8.32,6.49,-2.24,5.83,5598,0.37,0.29,0.44,0.14,0.11,0.18,0.09,0.04,0.04,0.01,0.01,0.19,85.39,1.3,1.64,-2.38,5.74,2,1,0,0,0,0,0,0,0,0,0,0,0,61.36,3.05,-3.46,-1.73,6.03,0,0,0,0,0,0,0,0,0,0,0,0,0,0,0,0,0,0,8,8.81,4.02,3.26,2.87,6.89,0.96,0.77,144.19,88.66,81.57,NA,38.49,33.89,1.53,0.19,0.38,0.57,0.96,0.19,0.57,0.57,0.38,0.38,0.38,0.38,8.18,3.34,2.55,7.56,0.93,0.0995795,0.044732881,0.080067909,0.00803265,0.180911585,-0.08,0.63,0.32,-0.67,0.03
19,flandyo01,695,0.37,0.3,0.37,0.13,0.04,0.19,0.12,0.04,0.03,0,0.01,0.32,90.79,7.79,5.92,2.46,6.23,521,0.32,0.27,0.58,0.17,0.17,0.24,0.14,0.07,0.03,0.01,0.01,0.24,85.32,5.42,3.04,1.99,6.12,0,0,0,0,0,0,0,0,0,0,0,0,0,0,0,0,0,0,0,0,0,0,0,0,0,0,0,0,0,0,0,0,0,0,0,0,561,0.39,0.29,0.36,0.13,0.04,0.19,0.12,0.04,0.02,0.01,0.01,0.26,91.06,7.37,6.19,1.33,6.33,395,0.38,0.26,0.47,0.16,0.11,0.19,0.09,0.07,0.02,0.01,0.01,0.18,84.7,0.44,2.73,1.95,6.16,0,0,0,0,0,0,0,0,0,0,0,0,0,0,0,0,0,0,0,0,0,0,0,0,0,0,0,0,0,0,0,0,0,0,0,0,11,10.38,6.26,6.26,3.13,4.78,1.48,0,147.36,94.95,78.13,NA,39.89,35.77,2.8,0.33,0.16,0,0.66,0.33,1.15,0.16,0.16,0,0.16,0.16,9.42,5.19,3.05,5.33,1.32,0.083913444,0.025598527,0.119341621,0.01,0.201993554,1.07,0.96,0.08,-0.55,0.16
20,francje01,209,0.38,0.29,0.33,0.13,0.04,0.17,0.1,0.01,0.05,0.01,0.02,0.02,87.39,6.69,8.6,2.97,5.72,3151,0.3,0.28,0.56,0.16,0.16,0.25,0.12,0.05,0.06,0.02,0.01,0.25,78.58,6.22,3.56,3.06,5.97,2003,0.41,0.33,0.35,0.11,0.1,0.13,0.07,0.02,0.04,0.01,0,0.16,70.44,-5.46,-4.15,3.01,6.02,290,0.43,0.16,0.47,0.18,0.07,0.22,0.09,0.06,0.07,0.01,0.02,0.02,85.38,3.1,5.87,2.97,5.76,6857,0.37,0.25,0.42,0.17,0.06,0.2,0.09,0.04,0.05,0.01,0.01,0.54,86.8,8.24,7.32,3.14,5.81,144,0.39,0.28,0.46,0.17,0.14,0.16,0.08,0.06,0.02,0.01,0.01,0.01,80,0.48,0.72,3.25,5.62,0,0,0,0,0,0,0,0,0,0,0,0,0,0,0,0,0,0,0,0,0,0,0,0,0,0,0,0,0,0,0,0,0,0,0,0,33,11.34,6.26,5.92,2.12,6.03,1.23,0.34,152.01,95.7,80.28,NA,40.5,36.82,2.4,0.28,0.17,0.5,0.67,0.39,0.89,0.73,0.11,0.11,0.28,0.28,10.33,4.99,2.69,6.08,1.13,0.092042042,0.051024182,0.094355935,0.008811443,0.200877983,0.93,1.01,-0.57,-0.05,0.1
21,freelky01,2723,0.35,0.25,0.46,0.2,0.07,0.19,0.09,0.04,0.04,0.02,0.01,0.36,92.7,4.43,7.09,2.07,5.78,768,0.45,0.22,0.44,0.13,0.12,0.2,0.1,0.05,0.03,0.01,0.01,0.1,86.39,6.42,3.62,2.1,5.78,0,0,0,0,0,0,0,0,0,0,0,0,0,0,0,0,0,0,2034,0.37,0.29,0.47,0.17,0.15,0.16,0.07,0.04,0.04,0.01,0.01,0.27,86.9,-1.17,3.25,2.29,5.61,1557,0.35,0.25,0.44,0.17,0.06,0.23,0.14,0.05,0.03,0.01,0.01,0.21,91.85,8.01,3.83,2.61,5.63,440,0.34,0.42,0.38,0.11,0.14,0.13,0.03,0.05,0.03,0.01,0,0.06,81.85,-1.53,0.66,2.35,5.61,0,0,0,0,0,0,0,0,0,0,0,0,0,0,0,0,0,0,0,0,0,0,0,0,0,0,0,0,0,0,0,0,0,0,0,0,38,9.2,4.43,4.12,3.3,7.33,1.17,0.3,148.71,94.77,83.71,NA,39.32,34.98,1.87,0.48,0.22,0.26,0.48,0.3,1.17,0.35,0,0.04,0.09,0.09,8.82,3.39,3.34,7.04,0.85,0.098762297,0.036324116,0.092452805,0.009415049,0.187678809,0.73,0.38,-0.04,0.29,0.32
22,friedch01,1831,0.36,0.23,0.45,0.19,0.06,0.21,0.08,0.06,0.05,0.01,0.01,0.37,91.13,2.71,10.31,1.35,6.9,273,0.32,0.26,0.5,0.16,0.09,0.25,0.12,0.05,0.06,0.02,0.02,0.05,84.24,5.35,8.76,1.57,6.95,769,0.42,0.3,0.36,0.12,0.09,0.15,0.09,0.04,0.02,0.01,0,0.15,77.37,-2.98,-6.63,1.43,6.73,13,0.46,0.38,0.15,0,0,0.15,0.08,0.08,0,0,0,0,89.33,2.62,8.31,1.35,6.89,987,0.39,0.22,0.43,0.2,0.05,0.19,0.09,0.04,0.05,0.01,0.01,0.2,91.33,5.65,9.77,1.41,6.88,1124,0.32,0.31,0.57,0.18,0.22,0.18,0.08,0.05,0.03,0.02,0,0.22,84.89,-1.43,2.13,1.23,6.83,0,0,0,0,0,0,0,0,0,0,0,0,0,0,0,0,0,0,0,0,0,0,0,0,0,0,0,0,0,0,0,0,0,0,0,0,11,12.35,8.77,7.64,3.41,7.96,1.79,1.14,152.22,94.22,67.42,NA,42.73,38.5,2.44,0.32,0.16,0.16,0.49,0.16,0.81,0.16,0,0,0.65,0.65,10.16,5.4,3.57,7.51,1.07,0.100114068,0.04130078,0.08569942,0.006732039,0.192097258,2.24,2.19,-0.16,0.45,0.72
23,grayjo02,5558,0.35,0.27,0.43,0.19,0.07,0.18,0.08,0.05,0.03,0.01,0.01,0.53,95.88,-5.6,8.41,-2.17,5.97,466,0.37,0.25,0.49,0.21,0.11,0.17,0.07,0.05,0.03,0.02,0.01,0.04,86.09,-5.83,6.74,-2.1,6.06,1235,0.42,0.33,0.39,0.12,0.14,0.13,0.06,0.03,0.04,0.01,0.01,0.12,79.72,4.71,-3.95,-2,6.15,0,0,0,0,0,0,0,0,0,0,0,0,0,0,0,0,0,0,152,0.36,0.14,0.55,0.22,0.06,0.27,0.16,0.07,0.02,0.01,0.02,0.01,96.47,-8.2,6.6,-2.66,5.93,3028,0.32,0.35,0.54,0.16,0.22,0.17,0.08,0.04,0.03,0.01,0.01,0.29,88.91,1.07,3.89,-2.12,6.1,0,0,0,0,0,0,0,0,0,0,0,0,0,0,0,0,0,0,0,0,0,0,0,0,0,0,0,0,0,0,0,0,0,0,0,0,51,9.34,4.75,4.49,2.52,9.56,1.08,0.25,149.85,96.5,84.04,NA,38.98,35.34,1.66,0.32,0.06,0.38,0.38,0.32,0.73,0.64,0.16,0.19,0.45,0.45,9.15,4.67,2.85,9.55,1.08,0.123431363,0.031037456,0.078352333,0.010145608,0.172048089,-0.18,0.19,-0.33,0.01,0
24,greinza01,16085,0.34,0.31,0.42,0.2,0.08,0.16,0.05,0.04,0.05,0.02,0.01,0.41,92.61,-2.6,10.16,-1.57,6.24,5330,0.38,0.25,0.52,0.15,0.16,0.21,0.14,0.04,0.03,0,0,0.14,87.02,-7.3,2.79,-1.67,6.15,4604,0.36,0.34,0.4,0.11,0.1,0.18,0.09,0.04,0.04,0.01,0.01,0.12,73.93,6.92,-6.17,-1.52,6.19,652,0.41,0.24,0.46,0.17,0.12,0.17,0.07,0.04,0.05,0.01,0,0.02,88.93,2.39,4.2,-1.93,6.11,5037,0.38,0.23,0.43,0.17,0.04,0.22,0.12,0.05,0.04,0.01,0,0.13,92.83,-7.43,7.47,-1.79,6.17,6970,0.37,0.3,0.53,0.15,0.21,0.18,0.09,0.04,0.04,0.01,0.01,0.18,85.36,4.31,0.49,-1.48,6.27,267,0.38,0.29,0.45,0.13,0.18,0.16,0.06,0.03,0.05,0.02,0,0.01,66.73,6.89,-7.1,-1.16,6.25,4,0.75,0.25,0,0,0,0,0,0,0,0,0,0,82.01,0.1,5.71,-1.55,6.44,13,10.83,4.85,4.17,2.48,7.78,0.9,0.68,146.62,96.2,72.63,NA,40.15,36.88,2.26,0.45,0.34,0,0.56,0.23,0.79,0.11,0,0,0.23,0.23,8.42,3.39,2.16,8.24,0.92,0.112749493,0.042993145,0.083653239,0.007101338,0.180695782,0.78,2.41,0.32,-0.46,-0.02
25,guthrje01,6300,0.38,0.24,0.43,0.19,0.06,0.18,0.05,0.04,0.07,0.02,0.01,0.24,93.28,-3.61,10.13,-1.79,6.1,3789,0.35,0.25,0.51,0.17,0.11,0.23,0.11,0.05,0.06,0.01,0.01,0.15,85.64,-6.01,6.21,-1.66,6.02,2096,0.4,0.29,0.37,0.14,0.07,0.17,0.06,0.03,0.06,0.02,0.01,0.08,75.48,5.15,-3.86,-1.73,5.98,639,0.35,0.24,0.47,0.17,0.07,0.24,0.1,0.08,0.04,0.01,0.01,0.02,88.34,1.6,4.75,-1.69,5.94,8982,0.34,0.24,0.45,0.18,0.05,0.23,0.11,0.05,0.06,0.02,0.01,0.34,93.3,-7.19,8.05,-1.92,6.05,4250,0.39,0.25,0.46,0.17,0.11,0.19,0.07,0.04,0.06,0.02,0.01,0.16,84.6,3.37,0.8,-1.98,5.93,41,0.37,0.1,0.61,0.15,0.07,0.39,0.1,0.1,0.2,0,0.05,0,65.52,4.99,-3.56,-1.32,5.96,0,0,0,0,0,0,0,0,0,0,0,0,0,0,0,0,0,0,7,15.13,10.43,9.91,2.87,4.17,3.13,0.52,164.35,101.74,54.26,NA,46.17,41.22,4.43,0.26,0,0.78,1.04,0.26,0.52,0.78,0.26,0.26,0.26,0.26,9.52,4.43,2.61,5.35,1.28,0.073024102,0.062144308,0.084725064,0.010062842,0.207092769,5.48,5.61,0.26,-1.18,1.85
26,haleda02,1235,0.32,0.26,0.47,0.19,0.07,0.22,0.1,0.06,0.04,0.01,0.01,0.34,91.76,-4.28,5.86,-1.88,5.64,652,0.4,0.29,0.5,0.14,0.19,0.16,0.08,0.03,0.04,0.01,0.01,0.18,80.57,-6.31,2.9,-1.93,5.61,0,0,0,0,0,0,0,0,0,0,0,0,0,0,0,0,0,0,2,0,0,1,1,0,0,0,0,0,0,0,0,85.8,2.24,3.7,-2.08,5.68,1049,0.38,0.22,0.46,0.17,0.07,0.23,0.14,0.06,0.03,0.01,0,0.29,91.47,-7.73,3.98,-1.92,5.61,663,0.42,0.26,0.48,0.14,0.16,0.18,0.09,0.05,0.03,0.01,0.01,0.18,81.41,3.83,0.57,-1.81,5.67,0,0,0,0,0,0,0,0,0,0,0,0,0,0,0,0,0,0,0,0,0,0,0,0,0,0,0,0,0,0,0,0,0,0,0,0,8,11.76,6.49,6.08,2.23,8.51,1.62,0.41,151.01,97.5,71.15,NA,40.74,37.7,2.84,0.2,0,0.41,0.2,0.2,0.81,0.61,0,0,2.23,2.23,10.13,4.52,3.16,6.03,1.08,0.108258817,0.035223549,0.106134407,0.007081366,0.204562621,1.56,1.63,-0.93,2.48,0.54
27,hamelco01,15433,0.33,0.29,0.45,0.21,0.07,0.17,0.06,0.04,0.06,0.02,0.01,0.39,92.25,4.92,11.1,1.82,6.67,9545,0.28,0.38,0.59,0.15,0.27,0.19,0.1,0.04,0.04,0.01,0.01,0.24,83.25,8.63,6.34,1.94,6.59,4331,0.45,0.3,0.36,0.12,0.13,0.12,0.06,0.03,0.03,0.01,0,0.11,77.95,-1.58,-4.9,2.23,6.38,5616,0.37,0.22,0.5,0.2,0.1,0.2,0.1,0.04,0.04,0.01,0.01,0.14,89.36,1.39,6.19,2.45,6.35,4034,0.37,0.21,0.48,0.19,0.06,0.23,0.13,0.06,0.04,0.01,0.01,0.1,92.41,9.34,7.35,2.33,6.36,148,0.39,0.19,0.56,0.27,0.16,0.14,0.05,0.02,0.06,0.01,0.01,0,85.57,-0.2,1.49,2.89,6.11,0,0,0,0,0,0,0,0,0,0,0,0,0,0,0,0,0,0,0,0,0,0,0,0,0,0,0,0,0,0,0,0,0,0,0,0,7,9.55,3.25,3.25,1.63,8.53,0.81,0,142.21,95.69,80.25,NA,37.79,35.55,1.83,0.41,0.2,0.2,0.41,0,0.61,1.22,0.61,0.61,0.2,0.2,8.06,3.41,2.51,8.53,1.04,0.129076892,0.04686092,0.082690055,0.008892526,0.179727926,-0.16,1.49,-0.88,0,-0.23
28,hammeja01,10831,0.34,0.24,0.48,0.21,0.08,0.2,0.07,0.05,0.06,0.02,0.01,0.38,93.26,-4.52,8.97,-2.08,6.46,1874,0.41,0.21,0.5,0.15,0.12,0.23,0.11,0.05,0.06,0.01,0.01,0.07,86.09,-7.84,4.58,-2.18,6.29,2817,0.42,0.35,0.32,0.11,0.11,0.11,0.06,0.02,0.02,0.01,0,0.1,77.74,6.58,-6.82,-2.16,6.41,0,0,0,0,0,0,0,0,0,0,0,0,0,0,0,0,0,0,5413,0.36,0.21,0.47,0.2,0.05,0.23,0.11,0.06,0.05,0.01,0.01,0.19,93.13,-7.8,7.46,-2.12,6.49,7482,0.34,0.33,0.47,0.14,0.16,0.18,0.08,0.04,0.04,0.01,0.01,0.26,85.06,3.01,-0.37,-2.14,6.56,0,0,0,0,0,0,0,0,0,0,0,0,0,0,0,0,0,0,0,0,0,0,0,0,0,0,0,0,0,0,0,0,0,0,0,0,47,11.34,5.86,5.27,2.69,6.79,1.28,0.59,147.94,94.62,73.04,NA,40.71,36.88,2.14,0.31,0.21,0.34,0.52,0.28,1.03,0.9,0.21,0.14,0.48,0.48,9.57,4.63,2.83,7.12,1.16,0.100960693,0.04886406,0.081898863,0.009008692,0.193505296,0.64,1.77,-0.14,-0.33,0.12
29,haranaa01,10169,0.34,0.27,0.45,0.22,0.08,0.16,0.05,0.04,0.06,0.02,0.01,0.43,90.53,-4.9,10.68,-1.93,6.88,1507,0.44,0.16,0.45,0.17,0.06,0.22,0.1,0.05,0.06,0.01,0.01,0.06,83.62,-6.07,6.82,-1.85,6.91,1667,0.39,0.28,0.4,0.13,0.08,0.2,0.07,0.05,0.07,0.01,0.01,0.07,74.77,2.59,-3.62,-1.86,6.97,435,0.39,0.21,0.46,0.18,0.06,0.21,0.07,0.03,0.09,0.02,0,0.02,88.27,-1.37,9.53,-1.97,6.81,4924,0.36,0.24,0.44,0.21,0.06,0.19,0.08,0.05,0.05,0.01,0.01,0.21,90.35,-8.22,7.77,-2.11,6.76,5031,0.34,0.28,0.55,0.16,0.17,0.22,0.1,0.05,0.05,0.02,0.01,0.21,82.17,1.95,1.91,-1.77,6.99,0,0,0,0,0,0,0,0,0,0,0,0,0,0,0,0,0,0,0,0,0,0,0,0,0,0,0,0,0,0,0,0,0,0,0,0,6,9.8,6.12,5.2,5.2,7.96,0.61,0.92,174.49,106.53,84.49,NA,42.86,36.43,3.37,0.92,0.31,0,0.61,0.61,0.31,0.61,0,0,0,0,9.5,4.27,2.77,7.16,1.16,0.093292462,0.057057683,0.071769688,0.009816711,0.186479164,0.93,0.3,2.43,0.8,-0.55
30,harenda01,3037,0.36,0.25,0.45,0.21,0.06,0.18,0.04,0.04,0.07,0.02,0.01,0.11,90.45,-4.26,11.26,-0.96,6.65,85,0.58,0.2,0.39,0.13,0.16,0.09,0.05,0.02,0.02,0,0.01,0,86.46,-8.07,5.77,-1.18,6.5,3715,0.35,0.4,0.33,0.11,0.09,0.14,0.07,0.03,0.03,0.01,0,0.13,79.61,4.23,-2.86,-1.55,6.16,9214,0.32,0.28,0.54,0.2,0.14,0.2,0.08,0.04,0.05,0.02,0.01,0.32,85.78,1.7,5.56,-1.13,6.46,8835,0.35,0.28,0.4,0.16,0.04,0.2,0.07,0.05,0.07,0.02,0.01,0.31,90.28,-6.53,9.29,-0.98,6.58,0,0,0,0,0,0,0,0,0,0,0,0,0,0,0,0,0,0,0,0,0,0,0,0,0,0,0,0,0,0,0,0,0,0,0,0,3799,0.39,0.23,0.56,0.18,0.18,0.19,0.11,0.04,0.04,0.01,0.01,0.13,84.83,-4.08,4.47,-0.93,6.56,10,11.19,6.27,5.97,1.19,9.85,2.69,0.3,153.88,99.85,69.7,NA,38.96,37.31,2.54,0.15,0.15,0.15,0.15,0.15,0.75,0.6,0.15,0,0.45,0.45,8.78,3.76,1.86,7.5,1.14,0.099611295,0.054274011,0.075274185,0.008704898,0.188461565,2.21,2.41,-0.67,2.35,1.55
31,hendrky01,2434,0.37,0.34,0.36,0.17,0.09,0.11,0.03,0.04,0.03,0.01,0.01,0.17,88.01,-2.11,8.89,-2.33,6.19,3797,0.32,0.27,0.62,0.17,0.22,0.24,0.11,0.06,0.05,0.03,0.01,0.26,79.72,-5.05,5.77,-2.29,6.25,1144,0.46,0.32,0.28,0.1,0.06,0.12,0.06,0.03,0.03,0.01,0.01,0.08,74.62,7.74,-5.41,-2.31,6.23,269,0.48,0.18,0.38,0.17,0.05,0.17,0.08,0.05,0.04,0.01,0.01,0.02,86.96,0.42,4.8,-2.42,6.3,7042,0.32,0.32,0.39,0.16,0.04,0.19,0.11,0.05,0.03,0.01,0.01,0.48,87.69,-6.44,5.41,-2.24,6.26,0,0,0,0,0,0,0,0,0,0,0,0,0,0,0,0,0,0,0,0,0,0,0,0,0,0,0,0,0,0,0,0,0,0,0,0,0,0,0,0,0,0,0,0,0,0,0,0,0,0,0,0,0,0,5,8.01,4.32,3.7,1.54,7.09,0.62,0.62,145.79,93.7,83.53,NA,36.68,34.21,1.54,0.31,0,0.31,0.31,0.31,0.31,0,0,0.31,0,0,7.88,3.07,2.12,7.63,0.86,0.096566117,0.035354079,0.092296745,0.01,0.183849244,0.63,0.13,-0.58,-0.54,-0.24
32,hoffmje02,1889,0.34,0.25,0.47,0.2,0.07,0.2,0.08,0.06,0.05,0.01,0.01,0.62,94.82,-6.03,9.34,-2.19,6.25,280,0.34,0.16,0.59,0.23,0.09,0.27,0.1,0.08,0.07,0.03,0.01,0.09,86.74,-7.4,5.73,-2.4,6.08,628,0.45,0.31,0.34,0.11,0.11,0.13,0.07,0.02,0.03,0.01,0,0.21,77.69,6.06,-7.7,-2.23,6.06,0,0,0,0,0,0,0,0,0,0,0,0,0,0,0,0,0,0,0,0,0,0,0,0,0,0,0,0,0,0,0,0,0,0,0,0,247,0.43,0.33,0.41,0.09,0.17,0.15,0.07,0.04,0.04,0,0.01,0.08,84.27,1.75,-0.7,-2.22,6.13,0,0,0,0,0,0,0,0,0,0,0,0,0,0,0,0,0,0,0,0,0,0,0,0,0,0,0,0,0,0,0,0,0,0,0,0,17,10.54,6.39,6.28,3.73,6.6,1.49,0.11,154.12,96.5,78.39,NA,41.01,36.53,2.66,0.75,0.21,0.21,0.21,0.32,0.64,0.53,0.11,0,0.32,0.32,10.3,5.93,4.17,7.11,1.43,0.088206307,0.046902102,0.078965177,0.007936925,0.18794021,0.35,0.24,-0.44,-0.51,0.06
33,jacksed01,13731,0.36,0.24,0.45,0.19,0.06,0.2,0.08,0.05,0.06,0.01,0.01,0.47,94.64,-3.87,9.52,-1.87,6.12,1845,0.44,0.24,0.43,0.14,0.12,0.18,0.09,0.04,0.04,0.02,0.01,0.06,86.93,-8.4,6.69,-2.02,6.08,1126,0.49,0.27,0.35,0.11,0.11,0.14,0.05,0.04,0.04,0.01,0,0.04,79.71,2.45,-3.99,-1.9,6.33,1529,0.35,0.23,0.5,0.2,0.09,0.22,0.11,0.05,0.04,0.01,0.01,0.05,91.99,-0.38,5.26,-1.96,6.06,2808,0.43,0.2,0.4,0.16,0.05,0.2,0.1,0.05,0.04,0.01,0.01,0.1,93.91,-7.33,7.34,-2.08,6.13,8113,0.36,0.31,0.52,0.15,0.2,0.17,0.08,0.03,0.04,0.01,0.01,0.28,86.92,0.69,1.64,-1.94,6.14,0,0,0,0,0,0,0,0,0,0,0,0,0,0,0,0,0,0,0,0,0,0,0,0,0,0,0,0,0,0,0,0,0,0,0,0,5,22.62,19.67,19.18,5.41,9.84,2.46,0.49,195.25,122.95,35.41,NA,55.08,49.18,5.9,0.98,0,0,0.49,0,0.49,1.48,0,0,0.98,0.98,9.49,4.62,3.56,6.95,1.08,0.105300837,0.04942028,0.082974067,0.009613749,0.189116699,14.56,13.13,1.85,2.89,1.38
34,jimenub01,6588,0.39,0.25,0.42,0.19,0.08,0.15,0.06,0.04,0.04,0.01,0,0.21,94.32,-4.91,9.74,-1.15,6.43,124,0.41,0.26,0.44,0.19,0.13,0.14,0.06,0,0.05,0.03,0.01,0,83.01,-8.09,8.65,-0.85,6.58,2107,0.48,0.29,0.3,0.1,0.07,0.13,0.06,0.03,0.04,0.01,0,0.07,77.28,6.6,-4.85,-1.44,6.54,203,0.46,0.2,0.44,0.22,0.11,0.11,0.05,0.02,0.03,0,0,0.01,89.68,-1.22,7.87,-0.79,6.47,12351,0.37,0.26,0.41,0.17,0.05,0.19,0.1,0.04,0.04,0.01,0.01,0.39,93.66,-7.67,7.78,-1.27,6.36,5434,0.4,0.33,0.37,0.14,0.12,0.12,0.05,0.03,0.03,0.01,0,0.17,84.58,3.94,2.17,-1.29,6.44,0,0,0,0,0,0,0,0,0,0,0,0,0,0,0,0,0,0,4798,0.37,0.26,0.54,0.17,0.17,0.2,0.1,0.04,0.04,0.01,0.01,0.15,85.61,-6.15,4.64,-1.03,6.57,49,8.56,4.09,3.83,3.55,7.84,0.72,0.26,148.86,91.23,75.49,NA,38.43,34.11,1.97,0.14,0.34,0.43,0.26,0.09,1,0.69,0.4,0.14,0.46,0.46,8.48,4.35,4.09,8.3,0.9,0.088538839,0.038255656,0.079920582,0.005465274,0.166434741,-0.52,0.08,-0.54,-0.46,-0.18
35,kendrky01,444,0.45,0.17,0.4,0.18,0.03,0.2,0.05,0.04,0.07,0.04,0.02,0.02,90.82,-5.56,9.72,-1.33,6.43,0,0,0,0,0,0,0,0,0,0,0,0,0,0,0,0,0,0,617,0.45,0.21,0.42,0.13,0.09,0.2,0.1,0.05,0.04,0.01,0.01,0.03,78.52,4.93,-4.28,-1.44,6.46,3886,0.38,0.23,0.44,0.18,0.07,0.19,0.08,0.05,0.05,0.02,0.01,0.2,87.26,0.49,5.58,-1.5,6.44,10247,0.34,0.26,0.42,0.17,0.04,0.23,0.1,0.05,0.06,0.01,0.01,0.53,90.4,-8.66,6.37,-1.46,6.39,837,0.41,0.25,0.41,0.15,0.08,0.19,0.07,0.05,0.05,0.01,0,0.04,83.21,3.15,1.86,-1.47,6.52,0,0,0,0,0,0,0,0,0,0,0,0,0,0,0,0,0,0,3207,0.37,0.24,0.55,0.17,0.17,0.22,0.11,0.05,0.04,0.01,0.01,0.17,82.67,-7.33,3.75,-1.46,6.49,17,11.28,7.15,6.95,3.32,4.23,2.42,0.2,141.54,89.09,67.85,NA,40.57,36.34,1.81,0.5,0.1,0.1,0.6,0.2,0.7,0.2,0.4,0.1,0.2,0.2,9.97,4.7,2.6,4.93,1.24,0.070844163,0.053800291,0.095167897,0.009795717,0.216858301,2.25,1.31,0.72,-0.7,1.18
36,kenneia01,18417,0.32,0.3,0.46,0.21,0.09,0.16,0.05,0.04,0.06,0.02,0.01,0.61,91.77,-6.67,9.56,-2.16,5.62,4468,0.37,0.26,0.55,0.17,0.2,0.19,0.08,0.04,0.05,0.02,0.01,0.15,82.63,-7.41,5.65,-2.01,5.79,4128,0.43,0.25,0.4,0.14,0.09,0.18,0.1,0.04,0.04,0.01,0.01,0.14,78.16,5.36,-7.76,-2.25,5.68,2636,0.45,0.22,0.42,0.14,0.1,0.18,0.09,0.04,0.04,0.01,0.01,0.09,86.6,-0.58,3.76,-2.25,5.65,492,0.37,0.27,0.39,0.17,0.05,0.17,0.08,0.04,0.04,0,0,0.02,89.89,-8.73,6.95,-1.98,5.66,87,0.45,0.25,0.38,0.09,0.09,0.2,0.08,0.02,0.09,0,0.02,0,82.75,2.29,2.01,-2.21,5.7,0,0,0,0,0,0,0,0,0,0,0,0,0,0,0,0,0,0,0,0,0,0,0,0,0,0,0,0,0,0,0,0,0,0,0,0,10,7.67,4.05,3.18,3.04,7.81,1.01,0.87,147.44,94.2,80.88,NA,37.62,32.99,2.32,0.29,0.14,0.58,0.58,0.43,0.58,0,0.29,0,0.58,0.58,8.49,4.13,3.06,8.25,1.27,0.106480085,0.053807397,0.065325195,0.009866018,0.169187508,-0.95,-0.82,-0.02,-0.44,-0.26
37,kershcl01,20800,0.32,0.29,0.46,0.2,0.08,0.18,0.08,0.04,0.04,0.02,0.01,0.58,93.62,1.54,11.58,1.37,6.37,767,0.5,0.2,0.39,0.12,0.09,0.18,0.07,0.03,0.06,0.02,0.01,0.02,84.91,6.5,10.27,1.5,6.34,4927,0.44,0.32,0.39,0.11,0.14,0.13,0.07,0.03,0.03,0.01,0,0.14,73.9,-1.89,-9.14,1,6.42,0,0,0,0,0,0,0,0,0,0,0,0,0,0,0,0,0,0,57,0.47,0.14,0.46,0.16,0.07,0.23,0.09,0.09,0.04,0.02,0.04,0,93.8,7.14,10.02,2.42,5.92,9108,0.32,0.34,0.56,0.19,0.22,0.16,0.08,0.03,0.03,0.01,0.01,0.26,86.87,-2.56,3.85,1.46,6.37,1,0,1,0,0,0,0,0,0,0,0,0,0,60.91,-2.44,-8.7,1.5,6.77,0,0,0,0,0,0,0,0,0,0,0,0,0,0,0,0,0,0,22,9.23,4.72,4.65,2.46,8.89,1.3,0.07,139.31,89.45,77.76,NA,37.89,34.67,1.16,0.21,0.34,0.07,0.68,0,0.82,0.21,0.41,0.34,0.21,0.21,6.75,2.4,2.3,9.78,0.62,0.124244532,0.03649327,0.078416994,0.008666012,0.168058329,2.25,2.48,0.16,-0.89,0.68
38,kurodhi01,3058,0.43,0.2,0.45,0.2,0.09,0.16,0.06,0.03,0.05,0.03,0.01,0.15,92.48,-3.27,8.79,-1.54,5.99,0,0,0,0,0,0,0,0,0,0,0,0,0,0,0,0,0,0,671,0.43,0.4,0.23,0.08,0.06,0.09,0.04,0.01,0.04,0.01,0,0.03,78.22,3.97,-2.53,-1.43,5.91,20,0.35,0.1,0.5,0.15,0,0.35,0.2,0.05,0.1,0,0,0,89.98,-1.62,7.17,-1.3,5.86,8462,0.29,0.25,0.49,0.19,0.05,0.25,0.14,0.05,0.06,0.01,0.01,0.4,92.6,-8.21,5.53,-1.58,5.9,5243,0.36,0.35,0.44,0.13,0.16,0.16,0.06,0.03,0.05,0.02,0.01,0.25,84.47,1.49,2.96,-1.55,5.91,0,0,0,0,0,0,0,0,0,0,0,0,0,0,0,0,0,0,3465,0.43,0.23,0.51,0.15,0.18,0.18,0.11,0.03,0.03,0.01,0,0.17,87.21,-4.52,1.66,-1.59,5.85,5,11.13,6.49,5.88,2.16,5.88,0.93,0.62,148.76,94.95,66.8,NA,40.21,37.42,2.16,0.93,0,0.31,0,0.31,0.62,0.31,0,0,0.31,0.31,8.57,3.45,2,6.74,0.88,0.105223003,0.050459391,0.100135284,0.008013289,0.197655242,2.43,2.56,0.16,-0.86,0.05
39,latosma01,7339,0.33,0.28,0.45,0.2,0.07,0.18,0.07,0.04,0.06,0.01,0.01,0.39,93.61,-0.26,10.79,-0.65,7.18,1015,0.39,0.28,0.46,0.14,0.14,0.19,0.07,0.04,0.06,0.01,0.01,0.05,84.06,-2.76,7.76,-1.04,6.95,1845,0.41,0.32,0.38,0.12,0.11,0.15,0.08,0.03,0.03,0.01,0,0.1,78.72,3.33,-5.12,-0.8,7.03,143,0.38,0.24,0.54,0.2,0.17,0.17,0.1,0.05,0.02,0,0.01,0.01,87.16,2.85,3.44,-0.85,7.09,3909,0.34,0.24,0.46,0.19,0.05,0.21,0.09,0.05,0.06,0.02,0.01,0.21,92.53,-4.19,9.98,-0.53,7.14,3831,0.37,0.32,0.51,0.14,0.21,0.16,0.08,0.03,0.04,0.01,0,0.21,85.61,2.49,1.31,-0.88,6.98,0,0,0,0,0,0,0,0,0,0,0,0,0,0,0,0,0,0,578,0.33,0.28,0.61,0.19,0.22,0.21,0.1,0.06,0.04,0.01,0.01,0.03,81.32,-0.28,-0.36,-0.25,7.09,6,8.88,3.84,3.6,2.64,8.4,1.44,0.24,149.28,96.96,79.2,NA,38.88,35.76,1.44,0.24,0,0,0.48,0,0,0.24,0.48,0,0,0,8.17,3.65,2.77,7.93,0.91,0.107728296,0.052001608,0.078390675,0.006958199,0.180608789,-0.05,0.71,-0.13,0.47,0.53
40,leblawa01,3291,0.37,0.3,0.36,0.16,0.05,0.16,0.05,0.03,0.06,0.02,0.01,0.24,87.2,5.16,10.33,2.28,6.34,3522,0.36,0.26,0.54,0.14,0.18,0.23,0.11,0.05,0.06,0.02,0.01,0.26,76.98,8.57,4.07,2.6,6.07,1033,0.39,0.32,0.36,0.11,0.08,0.17,0.07,0.04,0.05,0.01,0.01,0.08,73.85,-4.14,-3.88,2.47,6.15,2993,0.34,0.25,0.48,0.2,0.08,0.2,0.07,0.05,0.06,0.02,0.01,0.22,84.06,-0.02,5.75,2.59,6.04,2433,0.35,0.29,0.4,0.16,0.05,0.2,0.07,0.05,0.06,0.02,0.01,0.18,86.65,8.81,7.23,2.54,6.04,189,0.4,0.26,0.46,0.14,0.12,0.2,0.08,0.05,0.05,0.01,0.01,0.01,79.83,-1.65,1.57,2.45,6.2,0,0,0,0,0,0,0,0,0,0,0,0,0,0,0,0,0,0,0,0,0,0,0,0,0,0,0,0,0,0,0,0,0,0,0,0,5,13.96,7.35,7.35,3.67,6.61,1.84,0,167.88,106.16,68.69,NA,43.71,39.31,2.57,0.73,0.37,0.37,0.37,0,1.47,1.47,0.73,0.37,0,0,9.17,4.27,2.78,6.58,1.32,0.093969244,0.059092192,0.075716514,0.01,0.195767774,3.08,4.79,0.89,0.03,0.52
41,linceti01,8623,0.36,0.29,0.42,0.19,0.07,0.16,0.07,0.04,0.05,0.01,0,0.32,92.35,0.17,10.32,-0.9,6.3,0,0,0,0,0,0,0,0,0,0,0,0,0,0,0,0,0,0,2944,0.43,0.31,0.36,0.11,0.11,0.14,0.07,0.03,0.03,0,0,0.11,77.96,4.47,-6.37,-0.84,6.23,20,0.35,0.1,0.6,0.4,0.05,0.15,0.1,0.05,0,0,0,0,88.01,3.23,5.59,-1.22,6.25,6144,0.38,0.28,0.38,0.17,0.06,0.16,0.07,0.04,0.04,0.01,0,0.22,92.15,-4.15,9.32,-0.94,6.27,4031,0.34,0.33,0.5,0.15,0.18,0.18,0.09,0.04,0.04,0.01,0.01,0.15,83.46,2.17,-0.53,-1.18,6.13,0,0,0,0,0,0,0,0,0,0,0,0,0,0,0,0,0,0,5567,0.36,0.3,0.56,0.16,0.23,0.18,0.1,0.03,0.04,0.01,0.01,0.2,83.99,-2.19,3.67,-1.11,6.12,10,8.92,5.79,5.17,5.17,8.92,1.1,0.63,161.84,97.98,75.76,NA,41.01,34.75,1.88,0.47,0.16,0.16,0.78,0.16,0.16,0.63,0.31,0.16,0.94,0.94,8.07,3.75,3.59,9.31,0.79,0.120863552,0.042048739,0.079083025,0.00351202,0.164862234,1.42,0.85,1.58,-0.39,0.31
42,lockeje01,2549,0.4,0.27,0.36,0.16,0.05,0.16,0.07,0.03,0.04,0.02,0.01,0.23,91.67,6.7,9.68,1.64,6.11,2326,0.29,0.31,0.61,0.17,0.22,0.22,0.12,0.06,0.04,0.01,0.01,0.21,81.58,5.97,6.39,1.81,5.99,1497,0.4,0.3,0.42,0.13,0.12,0.16,0.1,0.04,0.02,0,0,0.14,79.78,-3.48,-5.16,1.8,5.96,0,0,0,0,0,0,0,0,0,0,0,0,0,0,0,0,0,0,4371,0.38,0.25,0.4,0.16,0.04,0.21,0.1,0.05,0.04,0.01,0.01,0.4,91.64,8.72,7.45,1.57,6.04,163,0.37,0.24,0.53,0.18,0.15,0.21,0.07,0.07,0.06,0.01,0.03,0.01,83.73,2,2.71,1.92,5.87,0,0,0,0,0,0,0,0,0,0,0,0,0,0,0,0,0,0,0,0,0,0,0,0,0,0,0,0,0,0,0,0,0,0,0,0,5,12.09,7.72,7.05,4.7,8.06,1.34,0.67,172.61,105.11,66.49,NA,46.34,39.96,2.35,0.67,1.01,0.34,1.01,0.34,0.34,1.34,0,0,0.34,0.34,9.37,4.61,3.53,6.42,0.96,0.093352283,0.03755364,0.096805428,0.008926279,0.193583349,2.44,2.72,1.17,1.64,0.38
43,lohseky01,1398,0.44,0.23,0.37,0.16,0.05,0.15,0.03,0.04,0.05,0.03,0.01,0.06,90.83,-4.35,10.45,-1.02,6.36,3655,0.33,0.25,0.58,0.17,0.17,0.24,0.12,0.05,0.06,0.01,0.01,0.16,81.07,-6.87,4.31,-1.13,6.33,1732,0.34,0.35,0.35,0.13,0.05,0.18,0.08,0.05,0.04,0,0.01,0.08,75.3,6.39,-7.21,-1.08,6.43,0,0,0,0,0,0,0,0,0,0,0,0,0,0,0,0,0,0,10606,0.36,0.28,0.38,0.15,0.03,0.2,0.08,0.05,0.06,0.01,0.01,0.47,90.45,-6.68,8.6,-1.01,6.33,5379,0.33,0.28,0.49,0.17,0.12,0.22,0.1,0.05,0.05,0.02,0.01,0.24,84.41,3.53,1.47,-1.09,6.32,0,0,0,0,0,0,0,0,0,0,0,0,0,0,0,0,0,0,0,0,0,0,0,0,0,0,0,0,0,0,0,0,0,0,0,0,5,10.29,5.46,5.14,2.57,7.39,0.64,0.32,142.71,95.46,75.54,NA,40.5,36.96,3.54,0.32,0,0,0.32,0.64,0,1.29,0.32,0,0,0,9.66,4.41,2.47,5.75,1.13,0.076482653,0.055502415,0.088075538,0.01,0.206554238,0.73,0.63,0.1,1.64,-0.49
44,lylesjo01,4983,0.34,0.29,0.43,0.19,0.08,0.17,0.06,0.04,0.05,0.02,0.01,0.34,93.12,-4.96,8.48,-1.97,6.03,1264,0.48,0.2,0.44,0.13,0.13,0.19,0.08,0.04,0.05,0.01,0.01,0.09,83.7,-7.55,4.24,-2.07,5.94,2521,0.42,0.26,0.43,0.15,0.11,0.17,0.11,0.04,0.03,0,0.01,0.17,81.37,3.1,-7.12,-1.79,6.11,0,0,0,0,0,0,0,0,0,0,0,0,0,0,0,0,0,0,3380,0.37,0.2,0.48,0.2,0.06,0.22,0.13,0.06,0.03,0.01,0.01,0.23,92.38,-7.99,5.4,-2.17,5.96,2345,0.33,0.26,0.51,0.18,0.11,0.21,0.1,0.05,0.05,0.01,0.01,0.16,87.89,1.56,2.85,-1.99,6.02,0,0,0,0,0,0,0,0,0,0,0,0,0,0,0,0,0,0,0,0,0,0,0,0,0,0,0,0,0,0,0,0,0,0,0,0,20,11.22,7.08,6.21,3.8,5.7,0.86,0.86,153.34,93.37,71.62,NA,42.45,37.02,2.5,0.17,0.09,0.6,0.6,0.35,1.21,0.78,0.17,0.09,0.52,0.52,10.12,5.31,3.06,6.47,1.14,0.089768854,0.041856758,0.093238805,0.01,0.189877182,0.9,1.1,0.74,-0.77,-0.28
45,maedake01,3218,0.32,0.3,0.46,0.22,0.1,0.14,0.04,0.04,0.04,0.02,0.01,0.35,91.94,-4.09,9.46,-2.13,5.88,1269,0.41,0.25,0.54,0.14,0.2,0.2,0.11,0.05,0.02,0.01,0,0.14,84.37,-7.18,3.6,-2.11,5.89,1223,0.4,0.39,0.27,0.09,0.06,0.13,0.05,0.04,0.03,0.01,0.01,0.13,75.01,5.72,-7.62,-1.83,6.05,708,0.31,0.32,0.54,0.19,0.19,0.18,0.09,0.04,0.04,0.01,0.01,0.08,86.03,0.43,4.86,-2.12,5.87,717,0.42,0.22,0.39,0.16,0.05,0.19,0.1,0.05,0.03,0,0,0.08,90.48,-7.94,6.52,-2.14,5.9,2167,0.29,0.37,0.57,0.16,0.23,0.18,0.07,0.05,0.05,0.02,0.01,0.23,83.06,2.97,3.38,-2.08,5.87,0,0,0,0,0,0,0,0,0,0,0,0,0,0,0,0,0,0,0,0,0,0,0,0,0,0,0,0,0,0,0,0,0,0,0,0,7,7.35,3.55,3.55,3.04,10.14,1.01,0,162.25,101.66,98.37,NA,39.04,34.48,0.51,0.51,0,0.51,0.51,0.51,0.25,0.76,0,0,0.25,0.25,8,3.82,2.63,9.79,1.14,0.141664158,0.037515588,0.066283595,0.007864975,0.163087508,-0.27,-0.65,0.41,0.35,-0.13
46,maholpa01,3224,0.36,0.23,0.45,0.19,0.06,0.21,0.07,0.04,0.08,0.02,0.01,0.17,89.7,5.64,9.15,1.88,6.59,2711,0.39,0.21,0.49,0.16,0.09,0.24,0.14,0.05,0.05,0.01,0.01,0.15,82.7,7.88,3.35,2.03,6.46,2696,0.38,0.34,0.36,0.13,0.09,0.14,0.07,0.03,0.03,0,0,0.14,73.73,-4.86,-5.49,2.1,6.44,1338,0.32,0.24,0.48,0.23,0.06,0.19,0.08,0.04,0.05,0.02,0.01,0.07,83.84,0.5,4.39,1.98,6.37,6574,0.36,0.25,0.4,0.15,0.03,0.23,0.14,0.04,0.04,0,0.01,0.35,88.77,9.41,5.18,2.06,6.48,2003,0.35,0.29,0.53,0.17,0.18,0.18,0.09,0.04,0.04,0.01,0,0.11,80.75,-1.5,0.05,2.15,6.28,61,0.44,0.3,0.36,0.08,0.1,0.18,0.1,0.03,0.05,0,0.03,0,64.31,-5.57,-6.37,1.89,6.08,0,0,0,0,0,0,0,0,0,0,0,0,0,0,0,0,0,0,5,13.87,8.94,8.63,3.08,7.71,1.85,0.31,156.27,102.02,51.78,NA,43.15,38.84,3.7,0.31,0.31,0,1.23,0,0.62,0.62,0.62,0,0.31,0.31,9.72,4.31,2.96,5.71,0.86,0.071167303,0.047690654,0.10790079,0.007540173,0.206528726,4.32,4.15,0.12,2,0.99
47,marquge01,4158,0.31,0.28,0.49,0.22,0.08,0.19,0.08,0.05,0.04,0.01,0.01,0.5,95.59,-4.01,8.3,-2.53,6.14,461,0.49,0.2,0.37,0.13,0.07,0.17,0.08,0.05,0.03,0,0.01,0.05,86.31,-6.07,5.33,-2.65,6.2,1836,0.39,0.34,0.45,0.12,0.19,0.14,0.07,0.04,0.03,0.01,0,0.22,81.99,3.33,-3.73,-2.49,6.21,30,0.4,0.2,0.47,0.27,0.07,0.13,0.07,0.03,0.03,0,0.03,0,86.89,-0.42,5.07,-2.66,6.13,751,0.31,0.23,0.51,0.19,0.06,0.27,0.17,0.06,0.03,0.01,0.01,0.09,94.47,-7.65,5.24,-2.47,6.17,1164,0.33,0.37,0.5,0.14,0.21,0.16,0.08,0.04,0.04,0.01,0.01,0.14,86.43,0.89,1.18,-2.54,6,0,0,0,0,0,0,0,0,0,0,0,0,0,0,0,0,0,0,0,0,0,0,0,0,0,0,0,0,0,0,0,0,0,0,0,0,42,10.61,5.42,5.31,2.65,9.93,1.52,0.11,148.31,97.85,77.3,NA,40.56,36.77,1.93,0.27,0.15,0.38,0.38,0.34,0.64,0.38,0.04,0.04,0.3,0.3,9.07,4.12,2.67,9.33,1.21,0.119684524,0.036335714,0.085825,0.007885714,0.180754762,1.19,1.54,-0.02,0.6,0.31
48,matzety01,1161,0.38,0.22,0.42,0.18,0.04,0.2,0.1,0.05,0.04,0.01,0.01,0.52,93.04,3.84,9.73,1.35,6.48,269,0.49,0.18,0.36,0.1,0.04,0.21,0.1,0.04,0.06,0,0.01,0.12,89.21,8.97,8.29,1.83,6.3,0,0,0,0,0,0,0,0,0,0,0,0,0,0,0,0,0,0,0,0,0,0,0,0,0,0,0,0,0,0,0,0,0,0,0,0,0,0,0,0,0,0,0,0,0,0,0,0,0,0,0,0,0,0,807,0.35,0.33,0.48,0.15,0.17,0.17,0.09,0.04,0.02,0.01,0,0.36,83.46,-1.53,-1.06,1.59,6.31,0,0,0,0,0,0,0,0,0,0,0,0,0,0,0,0,0,0,0,0,0,0,0,0,0,0,0,0,0,0,0,0,0,0,0,0,11,8.8,4.04,4.04,4.47,6.35,0.58,0,140.05,82.5,80.63,NA,39.38,34.04,2.45,0,0,0.43,0.14,0.29,1.01,0.58,0.29,0,0.58,0.58,9.13,4.08,4.08,6.86,0.71,0.086897631,0.035189987,0.09639249,0.00639249,0.190379973,-0.04,-0.33,0.39,-0.51,-0.13
49,mileywa01,6142,0.36,0.27,0.42,0.18,0.06,0.19,0.08,0.05,0.05,0.01,0.01,0.27,91.81,4.58,10.11,1.63,6.5,3343,0.35,0.32,0.48,0.12,0.16,0.21,0.1,0.05,0.05,0.01,0.01,0.15,82.86,9.08,7.05,1.96,6.2,1578,0.4,0.28,0.41,0.14,0.1,0.17,0.11,0.05,0.01,0,0,0.07,77.1,-2.72,-6.42,1.83,6.32,2026,0.38,0.23,0.48,0.19,0.1,0.19,0.11,0.04,0.04,0.01,0.01,0.09,87.97,-0.95,4.61,1.62,6.46,6368,0.39,0.26,0.4,0.18,0.06,0.17,0.08,0.04,0.04,0.01,0.01,0.28,91.37,8.27,9.02,1.82,6.43,3230,0.38,0.26,0.52,0.17,0.17,0.19,0.1,0.04,0.04,0.01,0.01,0.14,84.46,-0.92,0.41,1.89,6.29,2,0,0,0.5,0.5,0,0.5,0.5,0,0,0,0,0,71.4,-1.26,-5.6,1.5,6.45,0,0,0,0,0,0,0,0,0,0,0,0,0,0,0,0,0,0,5,10.42,4.63,4.63,3.18,6.37,0.58,0,133.7,81.03,69.74,NA,38.78,34.73,3.47,0,0,0,0,0.87,1.74,0,0,0,0.29,0.29,9.39,4.27,3.13,7.12,0.98,0.096742034,0.04209044,0.090596324,0.009303627,0.185969853,0.36,1.03,0.05,-0.75,-0.4
50,moralfr01,4260,0.36,0.27,0.44,0.19,0.08,0.17,0.06,0.04,0.05,0.02,0.01,0.49,93.77,5.21,9.41,2.27,6.06,275,0.49,0.22,0.39,0.14,0.1,0.15,0.05,0.03,0.05,0.02,0,0.03,81.09,6.48,6.14,2.66,5.89,1200,0.44,0.29,0.36,0.11,0.09,0.16,0.07,0.03,0.04,0.01,0,0.14,74.37,-6.04,-5.41,2.34,6.03,1043,0.34,0.25,0.52,0.2,0.12,0.2,0.1,0.05,0.03,0.01,0.01,0.12,88.03,-0.19,3.93,2.13,5.85,1236,0.37,0.24,0.43,0.17,0.06,0.21,0.1,0.04,0.05,0.01,0.01,0.14,93.33,8.71,7.45,2.12,6.08,99,0.42,0.27,0.41,0.14,0.12,0.15,0.04,0.04,0.04,0.03,0.02,0.01,81.58,-2.72,-0.07,2.47,5.93,0,0,0,0,0,0,0,0,0,0,0,0,0,0,0,0,0,0,540,0.41,0.28,0.47,0.13,0.16,0.18,0.08,0.04,0.04,0.02,0.01,0.06,83.89,5.74,4.5,1.95,6.14,11,10.94,5.86,5.39,4.62,7.71,0.92,0.46,159.66,98.78,75.21,NA,42.23,36.22,2.16,0.31,0.62,0.31,0.31,0.77,0.92,0.77,0,0,0.62,0.62,8.93,4.58,4.12,7.11,1.13,0.089437189,0.045464001,0.072623368,0.0084098,0.177702531,0.81,2.01,0.5,0.6,-0.21
51,mortoch02,4166,0.37,0.26,0.45,0.21,0.08,0.16,0.07,0.04,0.04,0.01,0.01,0.19,94.39,-7.83,7.16,-2.17,6.15,593,0.37,0.25,0.5,0.19,0.13,0.18,0.09,0.03,0.05,0.01,0.01,0.03,82.07,-10.01,3.89,-2.56,6.43,5201,0.39,0.34,0.42,0.13,0.16,0.13,0.07,0.03,0.03,0.01,0,0.24,79.39,8.73,-6.53,-2.21,5.96,929,0.42,0.25,0.43,0.15,0.12,0.17,0.08,0.04,0.05,0.01,0.01,0.04,88.31,0.01,3.18,-2.21,6,9330,0.33,0.26,0.46,0.18,0.06,0.22,0.14,0.05,0.03,0.01,0.01,0.43,92.9,-9.7,2.58,-2.21,6.05,432,0.37,0.34,0.42,0.14,0.13,0.15,0.07,0.02,0.05,0.02,0.01,0.02,84.76,2.36,0.2,-2.32,6.02,0,0,0,0,0,0,0,0,0,0,0,0,0,0,0,0,0,0,1155,0.44,0.19,0.47,0.16,0.11,0.21,0.11,0.04,0.05,0.01,0.01,0.05,85.71,-8.51,0.53,-2.24,5.95,5,11.34,5.84,5.84,4.47,6.18,1.03,0,158.36,96.87,73.17,NA,41.91,37.1,2.06,0.69,0,0.34,0,0,0.69,0.69,0.34,0.34,0.34,0.34,9.01,4.24,3.37,7.44,0.77,0.09616711,0.034761992,0.103039072,0.007614877,0.181936623,1.6,2.33,1.1,-1.26,0.26
52,nicasju01,8465,0.34,0.29,0.45,0.21,0.09,0.15,0.07,0.04,0.04,0.01,0.01,0.68,94.22,-4.79,8.93,-2.11,6.08,537,0.48,0.19,0.41,0.16,0.09,0.16,0.06,0.05,0.05,0.01,0.01,0.04,85.96,-5.18,7.64,-2.06,6.12,12,0.5,0.17,0.42,0.08,0.08,0.25,0.17,0,0.08,0,0,0,81.85,2.21,-0.22,-2.06,6.3,2,0.5,0,0.5,0.5,0,0,0,0,0,0,0,0,91.66,-0.41,4.93,-2.04,6.13,400,0.41,0.19,0.45,0.19,0.06,0.21,0.1,0.05,0.05,0.01,0.01,0.03,92.53,-7.46,6.94,-2.15,6.05,3079,0.38,0.25,0.5,0.16,0.13,0.21,0.1,0.05,0.05,0.01,0.01,0.25,86.1,1.44,2.58,-2.01,6.11,0,0,0,0,0,0,0,0,0,0,0,0,0,0,0,0,0,0,0,0,0,0,0,0,0,0,0,0,0,0,0,0,0,0,0,0,37,10.03,5.65,5.45,3.21,7.3,1.27,0.19,160.58,99.3,84.4,NA,39.96,36.17,1.85,0.49,0.24,0.24,0.24,0.1,0.73,0.58,0.19,0.05,0.24,0.24,9.51,4.65,3.19,8.37,1.05,0.098872349,0.043246098,0.078008003,0.009988796,0.167207683,0.8,0.52,0.02,-1.07,0.22
53,niesejo01,6237,0.33,0.3,0.44,0.19,0.08,0.17,0.07,0.04,0.05,0.01,0.01,0.33,90.81,4.5,8.65,1.42,5.7,1416,0.47,0.18,0.42,0.12,0.07,0.23,0.12,0.04,0.06,0.01,0.01,0.08,83.62,8.4,4.08,1.65,5.5,3157,0.36,0.3,0.45,0.15,0.12,0.18,0.11,0.04,0.04,0.01,0.01,0.17,75.24,-4.24,-7.1,1.14,6.01,4298,0.31,0.27,0.51,0.21,0.1,0.21,0.11,0.05,0.04,0.01,0.01,0.23,87.85,0.18,4.52,1.55,5.64,3646,0.37,0.25,0.41,0.16,0.05,0.22,0.12,0.05,0.04,0,0.01,0.19,89.98,9.63,4.89,1.7,5.46,72,0.22,0.17,0.64,0.25,0.06,0.33,0.15,0.04,0.08,0.06,0.01,0,81.28,-0.74,1.01,1.84,5.51,0,0,0,0,0,0,0,0,0,0,0,0,0,0,0,0,0,0,0,0,0,0,0,0,0,0,0,0,0,0,0,0,0,0,0,0,5,15.22,8.27,8.27,2.65,5.29,2.32,0,155.18,97.94,53.93,NA,44.01,39.38,2.65,0.66,0,0.66,0.99,0.33,1.32,0,0.66,0.33,0.33,0.33,9.71,4.08,2.78,6.94,0.99,0.084635079,0.044970254,0.099589929,0.01,0.195617231,4.19,5.51,-0.13,-1.65,1.33
54,nolasri01,8886,0.34,0.25,0.46,0.21,0.06,0.19,0.06,0.05,0.07,0.02,0.01,0.32,91.71,-4.28,8.91,-1.73,6.22,5,0.8,0,0.2,0,0,0.2,0,0.2,0,0,0,0,80.08,-6.76,2.5,-1.38,6.12,511,0.37,0.36,0.37,0.1,0.11,0.16,0.08,0.03,0.04,0.01,0,0.02,78.06,4.79,-4.21,-2.53,5.98,0,0,0,0,0,0,0,0,0,0,0,0,0,0,0,0,0,0,4611,0.34,0.22,0.46,0.17,0.04,0.25,0.13,0.06,0.05,0.01,0.01,0.17,90.88,-8.8,5.08,-1.61,6.04,7030,0.32,0.34,0.5,0.15,0.17,0.18,0.08,0.04,0.05,0.01,0.01,0.25,83.29,2.02,-0.07,-1.81,6.01,3730,0.37,0.33,0.39,0.13,0.09,0.16,0.09,0.03,0.04,0.01,0.01,0.14,75.02,8.41,-7.88,-1.79,6.25,2813,0.38,0.25,0.52,0.15,0.17,0.2,0.1,0.05,0.05,0.01,0,0.1,82.16,-6.51,2.54,-1.92,6.03,5,11.61,6.39,6.39,1.16,8.13,0.87,0,137.61,93.48,64.74,NA,39.19,37.16,1.74,0.58,0.29,0,0.87,0,0.58,0,0.58,0,0.87,0.87,9.76,4.57,2.2,7.22,1.14,0.100877982,0.054895962,0.085292177,0.008793228,0.193890017,1.82,1.85,-1.04,0.91,-0.27
55,peavyja01,8843,0.31,0.29,0.47,0.24,0.08,0.15,0.04,0.03,0.06,0.02,0.01,0.37,91.7,-6.52,9.5,-1.77,6.04,2066,0.44,0.22,0.49,0.15,0.15,0.19,0.1,0.04,0.04,0.01,0,0.09,83.86,-7.64,3.3,-1.96,5.58,1888,0.4,0.27,0.46,0.15,0.13,0.18,0.1,0.04,0.04,0.01,0.01,0.08,79.64,3.62,-2.93,-1.84,5.93,5157,0.32,0.29,0.51,0.19,0.13,0.19,0.08,0.04,0.05,0.02,0.01,0.21,86.64,0.82,4.53,-1.87,5.94,3921,0.34,0.27,0.42,0.17,0.04,0.21,0.09,0.05,0.05,0.01,0.01,0.16,92.25,-9.41,6.95,-1.77,5.97,2262,0.36,0.3,0.5,0.16,0.17,0.18,0.07,0.04,0.05,0.02,0.01,0.09,82.24,4.37,1.56,-1.94,5.8,14,0.29,0.14,0.64,0.14,0.14,0.36,0.21,0.07,0.07,0,0,0,69.03,6.78,-6.92,-1.4,6.12,38,0.45,0.29,0.55,0.13,0.29,0.13,0.08,0.05,0,0,0.03,0,84.38,-5.37,0.34,-2.21,5.52,5,11.58,6.95,6.95,4.3,7.28,1.65,0,160.15,103.9,66.84,NA,42.02,36.73,3.31,1.32,0.66,0,0.33,0.66,0.66,0.99,0.33,0,0.99,0.99,8.1,3.65,2.69,8.38,0.98,0.102838067,0.051954194,0.069407169,0.009171524,0.176907272,3.3,3.48,1.61,-1.1,0.67
56,petityu01,5742,0.34,0.28,0.43,0.19,0.06,0.18,0.06,0.05,0.06,0.02,0.01,0.51,89.09,-2.49,10.41,-1.08,5.75,1520,0.32,0.28,0.54,0.16,0.15,0.24,0.1,0.05,0.06,0.02,0.01,0.13,81.31,-4.58,8.96,-1.54,5.81,1975,0.32,0.33,0.57,0.16,0.22,0.19,0.06,0.04,0.05,0.04,0.01,0.17,76.98,7.28,1.92,-0.88,5.85,2079,0.32,0.3,0.49,0.17,0.12,0.2,0.07,0.04,0.07,0.02,0.01,0.18,84.4,1.08,7.45,-0.97,5.78,8,0.75,0,0.25,0.13,0,0.13,0.13,0,0,0,0,0,89.29,-7.72,7.74,-2.14,5.75,0,0,0,0,0,0,0,0,0,0,0,0,0,0,0,0,0,0,0,0,0,0,0,0,0,0,0,0,0,0,0,0,0,0,0,0,0,0,0,0,0,0,0,0,0,0,0,0,0,0,0,0,0,0,5,11.86,9,9,4.5,8.59,2.05,0,152.59,96.95,76.91,NA,43.36,38.05,3.27,0.41,0.41,0.41,0.41,0,0.41,0.82,0,0,0.41,0.41,8.61,4.16,2.23,8.04,1.39,0.110959025,0.060049452,0.067254504,0.009992935,0.193434299,4.84,3.25,2.27,0.55,0.66
57,pomerdr01,6693,0.32,0.29,0.5,0.23,0.12,0.16,0.05,0.04,0.05,0.02,0.01,0.48,92.02,4.03,10.03,2.39,6.37,522,0.51,0.24,0.31,0.08,0.06,0.17,0.07,0.03,0.05,0.01,0.01,0.04,85.38,7.16,8.03,2.61,6.4,4566,0.4,0.3,0.39,0.13,0.1,0.16,0.1,0.04,0.02,0,0,0.32,80.04,-2.97,-8.59,2.28,6.44,765,0.41,0.22,0.47,0.19,0.12,0.16,0.06,0.04,0.04,0.02,0.01,0.05,86.91,0.02,4.99,2.4,6.44,1510,0.45,0.21,0.37,0.17,0.05,0.16,0.07,0.04,0.04,0.01,0.01,0.11,90.54,7.89,8.36,2.45,6.32,15,0.47,0.4,0.47,0.13,0.33,0,0,0,0,0,0,0,85.96,-0.8,2.59,2.74,6.45,0,0,0,0,0,0,0,0,0,0,0,0,0,0,0,0,0,0,0,0,0,0,0,0,0,0,0,0,0,0,0,0,0,0,0,0,17,8.91,5.03,4.57,5.03,7.42,1.03,0.46,157.84,95.25,92.63,NA,41.35,34.84,2.06,0.11,0.23,0.34,0.57,0.57,0.46,1.26,0.23,0.11,0.57,0.57,8.31,3.93,3.88,8.75,1.09,0.103996162,0.038594983,0.06960344,0.006744368,0.160200412,0.64,0.6,1.15,-1.33,-0.06
58,rayro02,7095,0.34,0.3,0.44,0.2,0.1,0.14,0.05,0.04,0.04,0.01,0.01,0.52,94.27,6.41,9.96,2.19,6.25,564,0.47,0.22,0.39,0.12,0.09,0.18,0.09,0.05,0.04,0.01,0.01,0.04,85.82,7.45,6.75,2.22,6.27,1541,0.4,0.39,0.38,0.1,0.17,0.1,0.05,0.02,0.02,0.01,0.01,0.11,82.2,-0.1,-2.57,2.41,6.2,0,0,0,0,0,0,0,0,0,0,0,0,0,0,0,0,0,0,1357,0.38,0.25,0.43,0.17,0.08,0.19,0.1,0.05,0.03,0.01,0.01,0.1,93.94,9.93,7.39,2.44,6.04,2964,0.39,0.31,0.52,0.16,0.23,0.14,0.06,0.04,0.03,0.01,0.01,0.22,84.69,0.6,2.2,2.35,6.13,0,0,0,0,0,0,0,0,0,0,0,0,0,0,0,0,0,0,0,0,0,0,0,0,0,0,0,0,0,0,0,0,0,0,0,0,7,12.18,6.62,4.5,4.76,11.91,0.26,2.12,180.53,112.24,84.71,NA,45,39.44,2.91,0.26,0.53,0.53,0.26,0,1.59,1.85,0.26,0,0.26,0.26,8.24,4.06,3.99,10.83,1.17,0.134051475,0.034524813,0.058878781,0.01,0.142127801,0.44,3.94,0.77,1.08,-0.91
59,richacl01,844,0.42,0.2,0.44,0.22,0.07,0.15,0.05,0.03,0.05,0.02,0.01,0.04,91.64,8.74,6.47,3.14,5.92,2711,0.41,0.19,0.5,0.14,0.1,0.25,0.15,0.05,0.05,0.01,0.01,0.13,83.94,9.43,3.26,2.45,6.01,123,0.33,0.38,0.5,0.13,0.24,0.13,0.04,0.06,0.03,0,0.02,0.01,82.34,1.93,-0.97,3.67,5.6,1967,0.39,0.21,0.5,0.19,0.11,0.2,0.09,0.05,0.05,0.01,0.01,0.09,86.01,1.84,4.32,2.01,6.38,12794,0.33,0.27,0.44,0.18,0.06,0.21,0.12,0.04,0.04,0.01,0.01,0.61,91.32,10.04,5.29,2.52,6.13,2517,0.41,0.27,0.46,0.16,0.15,0.15,0.07,0.03,0.04,0.01,0.01,0.12,80.83,0.27,-1.18,2.62,5.94,0,0,0,0,0,0,0,0,0,0,0,0,0,0,0,0,0,0,0,0,0,0,0,0,0,0,0,0,0,0,0,0,0,0,0,0,10,14.2,9.24,8.9,3.59,4.79,1.88,0.34,153.14,94.96,54.58,NA,44.32,39.35,2.91,0.68,0.34,0.34,0.86,0.17,1.2,0.51,0.34,0.17,0.17,0.17,9.81,4.48,3.06,5.85,1.02,0.082136858,0.04257635,0.111770853,0.010058694,0.204143443,4.42,4.39,0.53,-1.06,0.86
60,rodriwa01,6465,0.36,0.3,0.41,0.19,0.07,0.15,0.04,0.03,0.05,0.02,0.01,0.33,90.27,3.34,11.45,1.55,5.69,1698,0.4,0.23,0.47,0.14,0.11,0.23,0.11,0.05,0.06,0.02,0.01,0.09,84.24,7.46,7.07,1.78,5.57,6544,0.37,0.29,0.46,0.16,0.12,0.17,0.11,0.03,0.03,0,0,0.34,76.63,-4.71,-7.75,1.87,5.59,0,0,0,0,0,0,0,0,0,0,0,0,0,0,0,0,0,0,4658,0.33,0.27,0.43,0.17,0.04,0.23,0.1,0.05,0.07,0.01,0.01,0.24,89.94,8.24,8.61,1.81,5.5,0,0,0,0,0,0,0,0,0,0,0,0,0,0,0,0,0,0,0,0,0,0,0,0,0,0,0,0,0,0,0,0,0,0,0,0,0,0,0,0,0,0,0,0,0,0,0,0,0,0,0,0,0,0,5,12.12,6.58,4.5,2.08,7.96,1.38,2.08,158.88,99.35,79.27,NA,40.15,37.73,2.77,0.69,0.69,0,0.35,0,0.69,0.69,1.04,0,0.35,0.35,9.05,4.12,3.1,7.43,1.07,0.08318771,0.048928996,0.084225148,0.006620707,0.183016266,0.38,3.07,-1.02,0.53,0.31
61,rogeres01,3896,0.35,0.27,0.44,0.21,0.06,0.18,0.07,0.04,0.05,0.01,0.01,0.48,95.18,-3.73,9.12,-1.96,6.15,289,0.52,0.17,0.39,0.12,0.08,0.19,0.07,0.04,0.06,0.02,0.02,0.04,86.47,-5.76,4.92,-2.12,6.03,894,0.44,0.27,0.37,0.12,0.09,0.17,0.1,0.02,0.03,0.01,0.01,0.11,81.41,5.87,-4.4,-1.87,6.27,393,0.27,0.34,0.57,0.17,0.19,0.21,0.09,0.06,0.05,0.01,0.01,0.05,89.56,1.98,3.47,-1.73,6.2,954,0.45,0.18,0.4,0.16,0.04,0.21,0.12,0.05,0.03,0,0.01,0.12,93.52,-7.25,5.43,-2.13,6.09,1622,0.33,0.33,0.51,0.15,0.18,0.18,0.09,0.04,0.04,0.01,0.01,0.2,85.93,2.78,0,-2.02,6.1,0,0,0,0,0,0,0,0,0,0,0,0,0,0,0,0,0,0,0,0,0,0,0,0,0,0,0,0,0,0,0,0,0,0,0,0,7,17.75,12.15,12.15,4.36,7.16,2.8,0,180,114.29,59.79,NA,50.76,44.22,3.11,0.62,0.31,0.93,0.93,0.31,0.31,0.31,0.62,0,0,0,10.61,5.62,3.58,7.69,1.19,0.092212972,0.043751243,0.084266899,0.010359095,0.184269384,6.53,7.14,0.78,-0.53,1.61
62,rosajo01,10336,0.39,0.24,0.41,0.18,0.06,0.18,0.08,0.05,0.05,0.01,0.01,0.48,92.96,7.24,8.12,2.39,6.05,0,0,0,0,0,0,0,0,0,0,0,0,0,0,0,0,0,0,1501,0.5,0.31,0.26,0.08,0.08,0.1,0.05,0.03,0.02,0.01,0,0.07,74.67,-4.5,-6.66,1.93,6.36,3750,0.42,0.23,0.48,0.18,0.15,0.15,0.08,0.03,0.03,0.01,0.01,0.17,86.63,1.14,3.79,2.38,6.01,2,0.5,0,0.5,0.5,0,0,0,0,0,0,0,0,93.43,12.66,-1.56,2.74,5.61,17,0.29,0.24,0.59,0.12,0.12,0.35,0.18,0,0.06,0.12,0,0,81.98,1.83,0.69,1.88,6.1,0,0,0,0,0,0,0,0,0,0,0,0,0,0,0,0,0,0,6062,0.31,0.31,0.56,0.18,0.2,0.19,0.11,0.04,0.03,0.01,0.01,0.28,83.72,6.93,2.04,2.31,5.97,94,8.91,4.62,4.27,3.7,8.11,0.97,0.36,152.49,94.01,81.88,NA,39.22,34.42,2,0.2,0.15,0.38,0.39,0.31,0.94,0.8,0.26,0.1,0.56,0.56,8.95,4.59,4.08,7.55,1.06,0.11617039,0.038868377,0.086385915,0.009298505,0.172180635,-0.32,-0.04,-0.38,0.56,-0.09
63,rossty01,5273,0.41,0.26,0.37,0.18,0.05,0.15,0.06,0.04,0.03,0.01,0,0.33,93.62,-3.44,8.3,-1.65,6.85,508,0.49,0.22,0.37,0.12,0.1,0.16,0.07,0.05,0.03,0,0.01,0.03,87.62,-6.77,3.62,-1.66,6.76,0,0,0,0,0,0,0,0,0,0,0,0,0,0,0,0,0,0,856,0.35,0.25,0.47,0.16,0.08,0.23,0.14,0.05,0.04,0.01,0.01,0.05,89.97,0.36,4.43,-1.82,6.74,3440,0.42,0.23,0.39,0.14,0.05,0.21,0.14,0.04,0.02,0,0,0.22,93.34,-7.65,4.55,-1.66,6.82,5613,0.33,0.36,0.51,0.14,0.2,0.16,0.09,0.03,0.03,0.01,0.01,0.36,86.45,2,0.48,-1.62,6.8,0,0,0,0,0,0,0,0,0,0,0,0,0,0,0,0,0,0,47,0.49,0.23,0.36,0.13,0.09,0.15,0.06,0.02,0.02,0.04,0.02,0,87.43,-4.47,3.18,-1.51,6.7,6,10.17,5.55,4.32,5.55,10.48,1.23,1.23,188.32,112.19,87.84,NA,43.46,36.37,0.92,0.62,0.31,0.31,0.62,0.62,0.31,1.85,0,0.31,1.23,1.23,8.29,3.97,3.84,8.21,0.69,0.10686662,0.028328144,0.092862045,0.004493233,0.171356675,0.35,1.88,1.71,2.27,0.54
64,rusinch01,1028,0.36,0.31,0.36,0.15,0.05,0.17,0.07,0.05,0.03,0.01,0.01,0.14,90.17,5.65,7.8,2.02,6.17,1318,0.38,0.26,0.54,0.15,0.18,0.2,0.11,0.05,0.04,0.01,0.01,0.18,82.85,7.75,3.82,2.08,6.14,284,0.41,0.27,0.44,0.16,0.13,0.15,0.1,0.03,0.02,0.01,0,0.04,78.97,-1.49,-2.85,2.08,6.23,2062,0.35,0.25,0.5,0.19,0.12,0.19,0.09,0.05,0.03,0.01,0.01,0.28,87.08,0.98,3.98,2.06,6.16,2345,0.34,0.25,0.45,0.17,0.04,0.23,0.14,0.05,0.03,0.01,0.01,0.32,90.17,9.4,4.66,2.1,6.06,299,0.43,0.25,0.48,0.13,0.17,0.18,0.09,0.05,0.04,0,0.01,0.04,82.27,-0.48,0.97,2.01,6.16,0,0,0,0,0,0,0,0,0,0,0,0,0,0,0,0,0,0,0,0,0,0,0,0,0,0,0,0,0,0,0,0,0,0,0,0,14,12.89,6.97,6.39,2.9,5.69,0.81,0.58,148.88,95.92,64.57,NA,42.04,38.79,3.6,0.58,0.35,0,0.35,0,0.81,0.46,0.23,0.46,0,0,9.82,4.59,2.91,6.6,1.03,0.097823064,0.031817067,0.107160578,0.009612868,0.199824155,1.8,3.07,-0.01,-0.91,-0.22
65,ryuhy01,4866,0.35,0.29,0.42,0.18,0.07,0.17,0.08,0.04,0.04,0.01,0.01,0.44,91.14,6.3,8.94,2.4,6.05,2453,0.32,0.28,0.57,0.16,0.18,0.23,0.11,0.06,0.05,0.01,0.01,0.22,81.01,8.22,5.29,2.61,5.87,1456,0.39,0.37,0.35,0.1,0.11,0.14,0.07,0.04,0.03,0,0,0.13,72.92,-5.65,-8.08,2.19,6.1,1060,0.35,0.27,0.47,0.18,0.09,0.2,0.11,0.05,0.03,0.01,0.01,0.1,87.36,-0.02,4.21,2.3,5.97,305,0.29,0.33,0.45,0.17,0.07,0.2,0.14,0.04,0.02,0,0,0.03,90.41,9.21,5.2,2.48,5.86,943,0.38,0.24,0.49,0.18,0.13,0.19,0.11,0.04,0.04,0.01,0,0.09,83.06,-0.87,1.22,2.39,6.11,2,1,0,0,0,0,0,0,0,0,0,0,0,64.85,-7.37,-8.13,2.37,6,0,0,0,0,0,0,0,0,0,0,0,0,0,0,0,0,0,0,5,16.49,11.58,9.36,4.9,7.13,3.56,2.23,190.25,118.07,68.17,NA,49.01,43.22,4.46,0.45,0.45,0.45,0.45,0,0.89,0.45,0.45,0,0.45,0.45,8.71,3.21,2.27,8.13,0.89,0.10659991,0.039385656,0.092382499,0.007558863,0.184701849,6.15,7.78,2.63,-1,2.67
66,samarje01,6275,0.35,0.29,0.44,0.21,0.09,0.15,0.05,0.04,0.05,0.01,0.01,0.25,94.97,-6.45,8.23,-2.54,6.07,96,0.48,0.23,0.48,0.13,0.19,0.17,0.05,0.02,0.08,0.01,0.02,0,86.99,-7.73,5.54,-2.72,6.06,1113,0.43,0.33,0.31,0.11,0.08,0.12,0.07,0.03,0.02,0.01,0,0.04,80.55,2.25,-4.24,-2.41,6.08,3109,0.33,0.25,0.53,0.21,0.12,0.19,0.06,0.06,0.05,0.02,0.01,0.12,92.56,-2.29,6.73,-2.74,6.02,6790,0.34,0.23,0.49,0.2,0.07,0.22,0.12,0.05,0.04,0.01,0.01,0.27,95,-9.48,5.55,-2.64,6.04,4980,0.31,0.34,0.48,0.16,0.14,0.18,0.07,0.04,0.05,0.02,0.01,0.2,86.3,0.79,1.76,-2.56,6.06,0,0,0,0,0,0,0,0,0,0,0,0,0,0,0,0,0,0,3052,0.42,0.26,0.52,0.15,0.21,0.16,0.08,0.04,0.04,0.01,0.01,0.12,85.72,-5.81,4.29,-2.46,6.12,7,8.69,5.35,5.35,2.45,8.91,1.34,0,143.47,94.9,79.98,NA,37.43,34.08,1.11,0.67,0,0,0.45,0.45,0.45,0.67,0.45,0.22,0,0,8.63,4.18,2.73,8.13,1.06,0.112474129,0.044927012,0.078322251,0.009599843,0.179435766,1.17,0.06,-0.28,0.78,0.28
67,sanchjo01,8077,0.38,0.3,0.39,0.17,0.09,0.14,0.04,0.02,0.06,0.02,0.01,0.6,91.32,6.62,9.51,1.96,5.69,0,0,0,0,0,0,0,0,0,0,0,0,0,0,0,0,0,0,2312,0.42,0.29,0.43,0.13,0.15,0.15,0.09,0.03,0.03,0.01,0,0.17,81.64,-2.7,-3.63,1.81,5.81,0,0,0,0,0,0,0,0,0,0,0,0,0,0,0,0,0,0,907,0.43,0.26,0.37,0.15,0.07,0.16,0.07,0.02,0.06,0.02,0,0.07,91.36,9.79,7.2,2.29,5.66,0,0,0,0,0,0,0,0,0,0,0,0,0,0,0,0,0,0,0,0,0,0,0,0,0,0,0,0,0,0,0,0,0,0,0,0,2253,0.37,0.27,0.51,0.16,0.15,0.21,0.11,0.04,0.04,0.01,0.01,0.17,83.48,7.4,4.24,1.67,5.78,8,6.46,5,4.17,5,8.54,0.83,0.83,151.25,90.42,87.92,NA,38.54,32.08,1.25,0.63,0,0.42,0.21,0.83,0.42,0.63,0.63,0.42,0.42,0.42,8.2,4.72,5.02,9.14,1.04,0.10887667,0.051555096,0.062180235,0.007624179,0.154685217,-0.55,-1.74,-0.02,-0.6,-0.21
68,scherma01,21835,0.32,0.31,0.48,0.22,0.11,0.14,0.04,0.03,0.05,0.02,0.01,0.58,94.49,-7.03,8.06,-3.47,5.4,6463,0.37,0.26,0.53,0.17,0.16,0.2,0.11,0.04,0.04,0.01,0.01,0.17,84.93,-8.92,0.75,-3.45,5.45,2009,0.43,0.3,0.34,0.13,0.08,0.13,0.05,0.03,0.04,0.01,0.01,0.05,78.73,5.07,-3.14,-3.31,5.64,839,0.28,0.29,0.62,0.28,0.2,0.15,0.04,0.05,0.04,0.02,0.01,0.02,89.26,0.38,3.97,-3.57,5.16,49,0.51,0.2,0.29,0.14,0.02,0.12,0.04,0.02,0.04,0.02,0,0,93.08,-9.82,4.52,-3.51,5.49,6546,0.31,0.4,0.52,0.13,0.24,0.15,0.07,0.03,0.04,0.02,0.01,0.17,85.77,1.62,1.24,-3.46,5.47,0,0,0,0,0,0,0,0,0,0,0,0,0,0,0,0,0,0,0,0,0,0,0,0,0,0,0,0,0,0,0,0,0,0,0,0,5,12.12,6.58,5.88,2.77,10.04,1.73,0.69,171.35,113.54,75.81,NA,42.23,38.08,2.08,1.04,0.35,0,0.69,0.69,0.35,0.35,0,0,0.69,0.69,7.41,3.22,2.49,10.43,1.01,0.141397154,0.045785485,0.057722901,0.009987017,0.151673247,2.66,4.71,0.28,-0.39,0.72
69,senzaan01,3841,0.36,0.26,0.43,0.18,0.06,0.2,0.1,0.05,0.03,0.01,0.01,0.68,94.54,-2.68,7.64,-2.33,6.1,374,0.48,0.19,0.42,0.13,0.1,0.19,0.09,0.04,0.05,0.01,0.01,0.07,86.76,-4.42,5.82,-2.52,6.05,328,0.47,0.25,0.4,0.12,0.12,0.16,0.06,0.05,0.04,0.01,0.01,0.06,78.81,4.79,-2.87,-2.14,6.25,0,0,0,0,0,0,0,0,0,0,0,0,0,0,0,0,0,0,0,0,0,0,0,0,0,0,0,0,0,0,0,0,0,0,0,0,1137,0.41,0.27,0.45,0.14,0.13,0.17,0.08,0.04,0.04,0.02,0.01,0.2,83.52,3.39,-0.14,-2.39,6.13,0,0,0,0,0,0,0,0,0,0,0,0,0,0,0,0,0,0,0,0,0,0,0,0,0,0,0,0,0,0,0,0,0,0,0,0,25,10.15,5.99,5.6,3.45,6.05,1.56,0.39,153.45,93.58,73.02,NA,40.28,35.99,2.41,0.33,0.33,0.2,0.39,0.26,1.17,0.39,0.07,0,0,0,8.92,4.58,3.09,6.87,1.13,0.080110915,0.033896127,0.093028169,0.01,0.191026408,1.02,1.23,0.36,-0.82,0.43
70,strasst01,11257,0.31,0.28,0.48,0.23,0.09,0.17,0.06,0.05,0.05,0.01,0.01,0.52,95.98,-5.81,9.02,-1.9,6.1,3747,0.4,0.32,0.53,0.15,0.26,0.13,0.08,0.03,0.02,0,0,0.17,89.04,-8.88,2.81,-2.01,6.06,4503,0.35,0.42,0.36,0.1,0.14,0.12,0.08,0.03,0.02,0.01,0,0.21,81.7,7.61,-6.21,-1.93,6.04,0,0,0,0,0,0,0,0,0,0,0,0,0,0,0,0,0,0,1446,0.37,0.21,0.46,0.19,0.06,0.22,0.12,0.06,0.04,0.01,0.01,0.07,95.27,-8.53,6.09,-2.03,6.09,845,0.34,0.28,0.51,0.17,0.14,0.2,0.1,0.06,0.03,0.01,0.01,0.04,89.62,2.1,3.67,-2.08,6,0,0,0,0,0,0,0,0,0,0,0,0,0,0,0,0,0,0,0,0,0,0,0,0,0,0,0,0,0,0,0,0,0,0,0,0,5,11.03,6.76,6.4,3.2,9.96,0.71,0.36,165.06,110.28,80.75,NA,41.98,37.71,3.2,0.71,0.71,0.36,0.36,0.36,0.36,0,0.36,0,0.36,0.36,7.5,3.14,2.35,10.58,0.87,0.129499495,0.037207083,0.073100284,0.006215249,0.157274979,3.26,3.53,0.85,-0.62,-0.16
71,stulter01,5418,0.36,0.29,0.4,0.18,0.06,0.16,0.05,0.04,0.06,0.02,0.01,0.49,88.84,6.03,11.07,1.64,6.47,2626,0.32,0.25,0.57,0.15,0.15,0.27,0.15,0.06,0.05,0.01,0.01,0.24,79.7,8.37,4.61,1.82,6.37,1105,0.42,0.25,0.37,0.13,0.05,0.2,0.1,0.05,0.04,0.01,0.01,0.1,69.69,-2.32,-5.19,1.81,6.58,35,0.46,0.23,0.37,0.2,0.09,0.09,0.03,0,0.06,0,0,0,85.4,1.48,7.67,1.93,6.13,264,0.44,0.27,0.31,0.11,0.03,0.17,0.08,0.05,0.04,0.01,0.01,0.02,86.11,8.65,7.51,1.72,6.29,1688,0.32,0.24,0.51,0.21,0.08,0.23,0.1,0.05,0.06,0.02,0.01,0.15,80.83,-0.73,3.72,1.85,6.3,5,0,0.6,0.4,0.4,0,0,0,0,0,0,0,0,63.39,-2.28,-6.3,1.46,6.62,0,0,0,0,0,0,0,0,0,0,0,0,0,0,0,0,0,0,8,11.69,5.51,5.07,4.41,5.29,1.32,0.44,155.51,93.75,76.76,NA,43.01,37.06,2.87,0.66,0,0,1.32,0.22,1.1,1.32,0.66,0,0,0,9.58,4.27,2.54,5.74,1.1,0.082608383,0.055158424,0.086730994,0.009964097,0.2004461,0.8,2.11,1.87,-0.45,0.22
72,teherju01,9001,0.34,0.29,0.46,0.21,0.1,0.16,0.05,0.04,0.05,0.02,0.01,0.44,91.94,-4.45,8.03,-2.3,5.19,1714,0.39,0.22,0.49,0.16,0.1,0.23,0.1,0.06,0.05,0.02,0.01,0.08,83.05,-7.39,4.97,-2.24,5.24,1863,0.4,0.33,0.38,0.12,0.12,0.14,0.05,0.03,0.05,0.01,0.01,0.09,73.56,6.77,-3.93,-2.31,5.28,0,0,0,0,0,0,0,0,0,0,0,0,0,0,0,0,0,0,3665,0.35,0.24,0.46,0.17,0.06,0.23,0.13,0.06,0.04,0.01,0.01,0.18,90.52,-8.73,4.14,-2.52,5.14,4441,0.35,0.34,0.51,0.13,0.2,0.17,0.06,0.04,0.05,0.02,0.01,0.21,81.86,2.16,1.34,-2.41,5.15,0,0,0,0,0,0,0,0,0,0,0,0,0,0,0,0,0,0,0,0,0,0,0,0,0,0,0,0,0,0,0,0,0,0,0,0,5,9.28,4.33,4.33,2.47,6.8,0.62,0,133.3,92.47,78.56,NA,37.73,34.33,1.24,0.62,0,0.31,0,0.62,0,1.24,0,0.62,0,0,7.93,3.65,2.86,7.78,1.17,0.11618449,0.048228099,0.070465577,0.01,0.178549604,0.68,1.35,-0.39,-0.98,-0.55
73,vogelry01,4434,0.37,0.28,0.42,0.2,0.08,0.15,0.05,0.04,0.04,0.02,0.01,0.29,91.71,-4.66,9.44,-1.76,5.82,1857,0.38,0.24,0.47,0.15,0.1,0.23,0.09,0.06,0.06,0.02,0.01,0.12,84.09,-8.04,5.79,-1.75,5.88,2822,0.4,0.31,0.38,0.11,0.1,0.17,0.08,0.04,0.04,0.01,0.01,0.18,77.22,2.44,-4.69,-1.81,5.96,2676,0.4,0.26,0.39,0.16,0.07,0.17,0.08,0.04,0.04,0.01,0.01,0.17,88.38,-0.46,7.35,-1.7,5.83,3561,0.32,0.24,0.47,0.19,0.05,0.23,0.12,0.06,0.04,0.01,0.01,0.23,91.19,-7.59,6.91,-1.74,5.81,21,0.29,0.38,0.33,0.14,0,0.19,0.14,0.05,0,0,0,0,77.32,1.73,-3.59,-1.45,5.93,0,0,0,0,0,0,0,0,0,0,0,0,0,0,0,0,0,0,0,0,0,0,0,0,0,0,0,0,0,0,0,0,0,0,0,0,7,12.65,8.91,8.63,4.03,7.76,3.16,0.29,169.07,107.83,75.62,NA,43.13,38.53,2.59,0.58,0.29,0,0.29,0.29,1.73,0.29,0,0,0,0,9.14,4.49,3.57,6.83,0.98,0.07728775,0.04236159,0.081902934,0.009986338,0.185406935,4.14,3.51,0.46,0.93,2.18
74,volqued01,4658,0.38,0.28,0.4,0.17,0.08,0.16,0.06,0.03,0.06,0.01,0.01,0.18,94.53,-4.76,8.66,-1.89,5.78,6459,0.37,0.3,0.51,0.16,0.18,0.17,0.09,0.04,0.03,0.01,0.01,0.25,84.15,-6.81,1.47,-1.83,5.24,5612,0.41,0.33,0.36,0.12,0.1,0.14,0.08,0.03,0.02,0,0,0.21,80.45,5.81,-6.23,-1.66,5.45,0,0,0,0,0,0,0,0,0,0,0,0,0,0,0,0,0,0,9591,0.37,0.25,0.42,0.18,0.06,0.19,0.09,0.05,0.05,0.01,0.01,0.36,94.1,-8.23,6.49,-1.66,5.61,0,0,0,0,0,0,0,0,0,0,0,0,0,0,0,0,0,0,0,0,0,0,0,0,0,0,0,0,0,0,0,0,0,0,0,0,0,0,0,0,0,0,0,0,0,0,0,0,0,0,0,0,0,0,9,13.66,8.89,8.24,5.64,6.72,1.52,0.65,181.3,107.57,67.88,NA,46.63,39.47,3.25,0.87,0.43,0.43,0.87,0.22,0.87,1.3,0.43,0,1.52,1.52,8.77,4.44,4.27,7.76,0.92,0.101516717,0.040465046,0.082558511,0.007867781,0.169121581,3.8,4.89,1.37,-1.04,0.6
75,whiteal01,1224,0.34,0.24,0.46,0.2,0.06,0.21,0.09,0.04,0.07,0.01,0.01,0.45,92.96,-4,7.25,-2.77,5.69,0,0,0,0,0,0,0,0,0,0,0,0,0,0,0,0,0,0,1,0,0,1,1,0,0,0,0,0,0,0,0,86.05,-0.36,7.72,-2.69,5.84,2,0,0.5,1,0.5,0.5,0,0,0,0,0,0,0,88.3,-0.08,4.92,-2.9,5.48,774,0.46,0.2,0.41,0.16,0.08,0.17,0.11,0.02,0.03,0.01,0.01,0.29,90.77,-7,2.87,-2.78,5.71,434,0.39,0.28,0.48,0.14,0.16,0.18,0.1,0.02,0.05,0,0.01,0.16,84.3,1.38,1.03,-2.77,5.7,0,0,0,0,0,0,0,0,0,0,0,0,0,0,0,0,0,0,259,0.5,0.19,0.43,0.17,0.12,0.14,0.07,0.03,0.03,0,0.02,0.1,86.48,-5.5,3.17,-2.64,5.81,12,11.27,6.67,6.08,3.26,5.93,2.82,0.59,155.39,94.74,75.17,NA,42.11,37.66,1.93,0.44,0.59,0.74,0.3,0.15,0.74,1.19,0.3,0,0.3,0.3,10.63,6.04,4.59,6.1,1.69,0.087928731,0.051362287,0.095334076,0.01095026,0.18671121,0.04,0.64,-1.33,-0.17,1.13
76,woodal02,29,0.62,0.24,0.17,0.1,0.03,0.03,0.03,0,0,0,0,0,91.64,5.97,10.07,1.84,5.77,2659,0.35,0.25,0.55,0.17,0.15,0.23,0.12,0.05,0.05,0.01,0.01,0.21,84.25,10.04,2.4,2.03,5.46,105,0.33,0.34,0.51,0.14,0.2,0.17,0.12,0.03,0.01,0.01,0.01,0.01,83.29,-1.6,-2.31,2.2,5.47,0,0,0,0,0,0,0,0,0,0,0,0,0,0,0,0,0,0,7030,0.35,0.29,0.41,0.18,0.06,0.17,0.08,0.04,0.04,0.01,0.01,0.55,90.98,8.69,7.18,1.8,5.62,2957,0.34,0.34,0.48,0.16,0.17,0.16,0.09,0.04,0.02,0.01,0,0.23,81.86,-2.01,-2.48,2.07,5.41,0,0,0,0,0,0,0,0,0,0,0,0,0,0,0,0,0,0,0,0,0,0,0,0,0,0,0,0,0,0,0,0,0,0,0,0,6,14.29,10.04,10.04,4.25,9.27,0.77,0,165.32,102.75,83.82,NA,45.97,40.17,1.16,0.39,0.77,0.39,0.77,0.39,0.39,0.39,0,0,1.16,1.16,8.4,3.31,2.58,8.3,0.77,0.105258998,0.037115806,0.09085133,0.007663537,0.179852113,6.73,5.89,1.67,0.97,0
77,zimmejo02,14273,0.32,0.26,0.47,0.22,0.07,0.19,0.07,0.05,0.05,0.02,0.01,0.59,93.73,-4.54,8.65,-1.95,5.92,840,0.36,0.19,0.53,0.15,0.09,0.3,0.14,0.08,0.06,0.02,0.01,0.03,87.25,-8.47,4.56,-2.08,5.85,3139,0.37,0.32,0.42,0.13,0.11,0.18,0.09,0.05,0.04,0.01,0.01,0.13,79.81,4.54,-5.16,-1.97,5.89,0,0,0,0,0,0,0,0,0,0,0,0,0,0,0,0,0,0,218,0.4,0.22,0.44,0.17,0.06,0.2,0.15,0.05,0.01,0,0,0.01,92.27,-8.19,5.18,-2.12,5.89,5587,0.29,0.3,0.55,0.18,0.15,0.22,0.1,0.05,0.05,0.02,0.01,0.23,87.25,2.07,3.07,-2.06,5.81,0,0,0,0,0,0,0,0,0,0,0,0,0,0,0,0,0,0,0,0,0,0,0,0,0,0,0,0,0,0,0,0,0,0,0,0,6,12.58,5.59,4.47,3.07,7.55,1.68,1.12,157.64,104.25,74.91,NA,42.2,37.73,2.24,0.56,0,0.28,0.84,0.28,1.12,0.28,0.28,0.28,0,0,9.13,3.84,1.92,7.16,1.06,0.094406202,0.048681881,0.082745978,0.009909382,0.199593881,0.63,3.45,1.15,0.39,0.62
